type,date,actor,url,description
Issue,2025-09-25 04:37:09+00:00,yashnerkar,https://github.com/excalidraw/excalidraw/issues/10022,Performance issue: Canvas becomes very slow with minimal shapes/diagrams
Pull request,2025-09-25 06:19:55+00:00,mioNacs,https://github.com/excalidraw/excalidraw/pull/10023,feat: implement keyboard panning for canvas navigation in view Mode
Pull request,2025-09-25 11:14:53+00:00,dwelle,https://github.com/excalidraw/excalidraw/pull/10024,feat: better file normalization
Issue,2025-09-25 14:11:41+00:00,yarennn-code,https://github.com/excalidraw/excalidraw/issues/10025,deletion and registration problem
Issue,2025-09-25 15:05:42+00:00,BulbaWarrior,https://github.com/excalidraw/excalidraw/issues/10026,Feature request: improve shareable links customizability
Commit,2025-09-25 20:26:58+00:00,dwelle,https://github.com/excalidraw/excalidraw/commit/a8acc8212df612da3e4b5d302d759214d5826552,feat: better file normalization (#10024)
Commit,2025-09-26 14:30:23+00:00,DavideWietlisbach,https://github.com/excalidraw/excalidraw/commit/dcdeb2be5781cb8d1b0834c8251add578e0fc04f,fix: increase rejection delay for opening files with legacy api (#8961)
Issue,2025-09-27 08:30:48+00:00,speardragon,https://github.com/excalidraw/excalidraw/issues/10027,"""Clear canvas"" (Cmd + Backspace on macOS) does not reset to initialData state"
Issue,2025-09-27 19:10:51+00:00,AparAgarwal,https://github.com/excalidraw/excalidraw/issues/10029,Feature Request: Import Flowchart Images and Auto-Convert to Excalidraw Shapes
Issue,2025-09-28 08:06:32+00:00,gedo123,https://github.com/excalidraw/excalidraw/issues/10030,[Feature Request] Improve navigation between same-level rectangles after editing with Ctrl+Enter
Pull request,2025-09-28 19:24:40+00:00,devxspectre,https://github.com/excalidraw/excalidraw/pull/10031,Feat: Preserve User Preferences During Canvas Reset
Commit,2025-09-28 20:16:28+00:00,ArchishmanSengupta,https://github.com/excalidraw/excalidraw/commit/ec070911b8a1e729ebff0e6e90e4c3ac0a6bce1e,feat: library search (#9903)
Pull request,2025-09-29 09:48:40+00:00,dwelle,https://github.com/excalidraw/excalidraw/pull/10032,fix: library search UI fixes/tweaks
Commit,2025-09-29 10:06:17+00:00,dwelle,https://github.com/excalidraw/excalidraw/commit/9fcbbe0d27278b7df5ec01012a207002d6c814ef,fix: library search UI fixes/tweaks (#10032)
Issue,2025-09-29 10:18:30+00:00,dwelle,https://github.com/excalidraw/excalidraw/issues/10033,support bi-directional library item multi-selection
Pull request,2025-09-29 11:05:08+00:00,omareltomy,https://github.com/excalidraw/excalidraw/pull/10034,fix: support bidirectional shift+click selection in library items
Commit,2025-09-29 11:46:42+00:00,omareltomy,https://github.com/excalidraw/excalidraw/commit/f1b097ad06d9cacc764405004b4d2786d5d5d38e,fix: support bidirectional shift+click selection in library items (#10034)
Issue,2025-09-29 17:43:33+00:00,yash-sisodia22,https://github.com/excalidraw/excalidraw/issues/10036,[Feature Request] Native Code Block Support with Syntax Highlighting
Pull request,2025-09-30 05:31:48+00:00,shawnjchandra,https://github.com/excalidraw/excalidraw/pull/10037,feat: change individual corner radius for 4 corners of a rectangle
Issue,2025-09-30 06:38:48+00:00,rehanshah123452-web,https://github.com/excalidraw/excalidraw/issues/10038,rehanshah
Issue,2025-09-30 10:37:00+00:00,mlarabi,https://github.com/excalidraw/excalidraw/issues/10039,Shape filling bug on some specific cases;
Issue,2025-09-30 10:59:31+00:00,oniony,https://github.com/excalidraw/excalidraw/issues/10040,[Feature Request] Presentation display modes
Commit,2025-09-30 15:09:20+00:00,yagodorea,https://github.com/excalidraw/excalidraw/commit/7c4194485647fcd3a1aaa75612c0193208d65bae,fix: small improvement on binary heap implementation (#9992)
Pull request,2025-09-30 16:30:24+00:00,zsviczian,https://github.com/excalidraw/excalidraw/pull/10041,feat: Make naming of library items discoverable
Pull request,2025-09-30 17:43:02+00:00,mtolmacs,https://github.com/excalidraw/excalidraw/pull/10042,feat: Animation support
Commit,2025-09-30 18:38:10+00:00,zsviczian,https://github.com/excalidraw/excalidraw/commit/fde796a7a00d43dc2bb434b5ec98fb57afe9e896,feat: Make naming of library items discoverable (#10041)
Issue,2025-09-30 21:40:13+00:00,paulkhor74-wq,https://github.com/excalidraw/excalidraw/issues/10043,eastlink online market
Commit,2025-09-30 21:54:43+00:00,h0lm1,https://github.com/excalidraw/excalidraw/commit/835eb8d2fdf21afd93175367838e6b9ecd9e9271,fix: display error message when local storage quota is exceeded (#9961)
Issue,2025-10-01 09:22:51+00:00,dimpal-yadav,https://github.com/excalidraw/excalidraw/issues/10044,"Add Issue Template for Bug, Feature, and Enhancement"
Pull request,2025-10-01 12:08:26+00:00,Suraj-1309,https://github.com/excalidraw/excalidraw/pull/10045,Update buildDocs.js Reduce the complexity of this program
Pull request,2025-10-01 13:52:43+00:00,Mannan-Ali,https://github.com/excalidraw/excalidraw/pull/10046,feat: Added mongolian Language (Solves issue 9880)
Issue,2025-10-01 17:58:08+00:00,brrock,https://github.com/excalidraw/excalidraw/issues/10047,How to enable  the command palette when using the excalidraw package
Issue,2025-10-02 06:52:58+00:00,realtimeprojects,https://github.com/excalidraw/excalidraw/issues/10049,[Answered] data loss after registration
Pull request,2025-10-02 11:16:55+00:00,sdass1918,https://github.com/excalidraw/excalidraw/pull/10050,"feat: added issue templates for bugs, features, and enhancements"
Commit,2025-10-02 14:47:26+00:00,akib22,https://github.com/excalidraw/excalidraw/commit/f3c16a600d4aae624776660c2ee4462b3bcd6a66,fix: text to diagram translation update issue on language update (#10016)
Pull request,2025-10-02 15:48:14+00:00,ArjunO-008,https://github.com/excalidraw/excalidraw/pull/10051,feat: main-menu hamburger button enhancement
Pull request,2025-10-02 16:25:07+00:00,speardragon,https://github.com/excalidraw/excalidraw/pull/10052,fix: restore initialData.appState when clearing canvas
Pull request,2025-10-02 16:27:45+00:00,Luca1905,https://github.com/excalidraw/excalidraw/pull/10053,fix: prevent arrow bind to invisble parts of elements in a frame
Pull request,2025-10-02 17:05:53+00:00,Satya900,https://github.com/excalidraw/excalidraw/pull/10054,fix: resolve TypeScript errors in eraser module
Pull request,2025-10-03 03:05:31+00:00,timmyloos,https://github.com/excalidraw/excalidraw/pull/10055,"Add GitHub issue templates for bug reports, feature requests, and enhancements"
Issue,2025-10-03 06:26:17+00:00,JasonGross,https://github.com/excalidraw/excalidraw/issues/10056,Stylized ASCII arrows
Pull request,2025-10-03 09:34:54+00:00,Brikaa,https://github.com/excalidraw/excalidraw/pull/10057,feat: More prominent keyboard shortcuts in hints
Pull request,2025-10-03 09:59:17+00:00,Roshan-o,https://github.com/excalidraw/excalidraw/pull/10058,feat: removed hints that are not specific to mobile view
Pull request,2025-10-03 11:02:50+00:00,bashSunny101,https://github.com/excalidraw/excalidraw/pull/10059,fix: add Segoe UI Symbol fallback for Excalifont (fixes #10056)
Issue,2025-10-03 14:56:29+00:00,LetsAppPro,https://github.com/excalidraw/excalidraw/issues/10060,Feature Request - Import Visio Stencils
Pull request,2025-10-03 17:32:53+00:00,sufyanarshad1,https://github.com/excalidraw/excalidraw/pull/10061,fix: resolved code formatting issue when pasting code (closes …
Pull request,2025-10-03 19:38:12+00:00,debesh00800,https://github.com/excalidraw/excalidraw/pull/10062,feat: flowchart sibling navigation
Issue,2025-10-04 06:53:07+00:00,Satya900,https://github.com/excalidraw/excalidraw/issues/10063,Canvas Rendering Performance Optimization
Issue,2025-10-04 09:26:51+00:00,luc4leone,https://github.com/excalidraw/excalidraw/issues/10064,ESC key doesn't cancel text size changes in Properties panel
Issue,2025-10-04 11:23:17+00:00,acitd,https://github.com/excalidraw/excalidraw/issues/10065,[Feature Request] Make Text Within Linked Shapes Clickable
Pull request,2025-10-04 13:40:55+00:00,kaifcoder,https://github.com/excalidraw/excalidraw/pull/10066,feat: inherit link from container for bound text elements in SVG export
Issue,2025-10-04 14:04:07+00:00,su92-university,https://github.com/excalidraw/excalidraw/issues/10067,Superscript and subscript
Issue,2025-10-04 14:07:25+00:00,su92-university,https://github.com/excalidraw/excalidraw/issues/10068,Superscript and subscript feature
Pull request,2025-10-04 16:44:07+00:00,Satya900,https://github.com/excalidraw/excalidraw/pull/10069,feat: implement spatial indexing for viewport culling performance optimization
Pull request,2025-10-04 17:03:15+00:00,prateekbisht23,https://github.com/excalidraw/excalidraw/pull/10070,fix: ESC key now cancels font size input in Properties panel
Pull request,2025-10-04 17:19:23+00:00,JigyarthJoshi,https://github.com/excalidraw/excalidraw/pull/10071,feat: esc key discard new input value in properties panel (#10064)
Issue,2025-10-04 21:59:37+00:00,GAC-Machine,https://github.com/excalidraw/excalidraw/issues/10072,[FEATURE] Is it possible to set custom (or preset) size of canvas? Any way to set default position when opening a new drawing (eg make a copy of a template)?
Pull request,2025-10-05 03:00:25+00:00,NeonBlaze101,https://github.com/excalidraw/excalidraw/pull/10073,Release
Pull request,2025-10-05 03:20:57+00:00,despinozap,https://github.com/excalidraw/excalidraw/pull/10074,build: Docker compose version removed
Commit,2025-10-05 12:48:54+00:00,despinozap,https://github.com/excalidraw/excalidraw/commit/98e0cd9078feab548c0af13f462195c4dbf10135,build: Docker compose version removed (#10074)
Pull request,2025-10-05 13:34:56+00:00,akramcodez,https://github.com/excalidraw/excalidraw/pull/10075,"feat: add bold, italic, and underline text formatting with keyboard shortcuts"
Pull request,2025-10-05 15:11:04+00:00,Golenspade,https://github.com/excalidraw/excalidraw/pull/10076,feat(ui): show error feedback for invalid hex color input (#9527)
Issue,2025-10-05 15:42:20+00:00,anvithkashyap,https://github.com/excalidraw/excalidraw/issues/10077,Custom Font Size option
Issue,2025-10-05 20:42:46+00:00,Flinner,https://github.com/excalidraw/excalidraw/issues/10078,Feature Request: Skewing/Shearing Support
Issue,2025-10-06 05:35:56+00:00,Prateekiiitg56,https://github.com/excalidraw/excalidraw/issues/10079,Feature Request: Offline Mode for Collaboration
Pull request,2025-10-06 08:18:18+00:00,RasoolBux123,https://github.com/excalidraw/excalidraw/pull/10080,Add test.txt for Excalidraw Git workflow practice
Pull request,2025-10-06 08:22:37+00:00,RasoolBux123,https://github.com/excalidraw/excalidraw/pull/10081,Test branch Add test.txt for Git workflow practice
Issue,2025-10-06 09:04:20+00:00,Solanaar,https://github.com/excalidraw/excalidraw/issues/10082,[UI Issue] Bottom panels obstructed by Android interface on mobile
Issue,2025-10-06 11:10:03+00:00,GAC-Machine,https://github.com/excalidraw/excalidraw/issues/10083,[BUG] Notes completely disappeared after re-opening app and switching to another document.
Pull request,2025-10-06 14:24:01+00:00,anvithkashyap,https://github.com/excalidraw/excalidraw/pull/10084,feat: add custom font size input component
Pull request,2025-10-06 19:06:29+00:00,MohitMehtre,https://github.com/excalidraw/excalidraw/pull/10085,docs: add SECURITY.md for responsible vulnerability disclosure
Issue,2025-10-06 19:45:48+00:00,MohitMehtre,https://github.com/excalidraw/excalidraw/issues/10086,fix: A bug fix Report Extra Line ends Appearing on Top of Oval Shape
Pull request,2025-10-06 22:47:40+00:00,Slivix,https://github.com/excalidraw/excalidraw/pull/10087,correctif : A bug fix Report Extra Line Appearing on Top of Oval Shape
Issue,2025-10-07 03:31:35+00:00,BrotherShort,https://github.com/excalidraw/excalidraw/issues/10088,The arrow automatically moved to a place I don't want it to go.
Issue,2025-10-07 06:52:51+00:00,just-ant-worker,https://github.com/excalidraw/excalidraw/issues/10089,Pen thickness issue on android
Issue,2025-10-07 07:37:57+00:00,bbungjin,https://github.com/excalidraw/excalidraw/issues/10090,Style changes should affect the last created shape like they do for text elements
Issue,2025-10-07 08:30:40+00:00,IvanRadeljevic,https://github.com/excalidraw/excalidraw/issues/10091,Allow to map key to simulate left mouse button hold
Issue,2025-10-07 08:38:14+00:00,IvanRadeljevic,https://github.com/excalidraw/excalidraw/issues/10092,Mapping a key to simulate left mouse button hold
Issue,2025-10-07 14:40:11+00:00,akib22,https://github.com/excalidraw/excalidraw/issues/10093,Add Bengali (bn) translation to Excalidraw
Issue,2025-10-07 14:51:27+00:00,Jay-Karia,https://github.com/excalidraw/excalidraw/issues/10094,Feature Request: Font Ligatures
Pull request,2025-10-07 15:05:12+00:00,akib22,https://github.com/excalidraw/excalidraw/pull/10095,Add Bengali (bn) Translation to Excalidraw
Issue,2025-10-07 19:14:24+00:00,Gauravpadam,https://github.com/excalidraw/excalidraw/issues/10096,Feat: Add fine grain controls to font size
Issue,2025-10-07 22:45:27+00:00,BrunoBReis,https://github.com/excalidraw/excalidraw/issues/10097,[UI Issue] Poor visibility and inconsistent warning behavior when attempting to start a live collaboration session offline
Issue,2025-10-07 22:51:19+00:00,BrunoBReis,https://github.com/excalidraw/excalidraw/issues/10098,Users can access and modify content from a terminated live collaboration session
Issue,2025-10-07 22:54:53+00:00,BrunoBReis,https://github.com/excalidraw/excalidraw/issues/10099,Artificially generated room keys can create valid collaboration sessions without authorization
Pull request,2025-10-08 06:37:20+00:00,tishajain25,https://github.com/excalidraw/excalidraw/pull/10100,Add Bengali (bn-BD) translation support to Excalidraw (#10093)
Issue,2025-10-08 08:32:17+00:00,h0lm1,https://github.com/excalidraw/excalidraw/issues/10101,add info tooltip to local storage quota exceeded alert
Pull request,2025-10-08 08:59:09+00:00,utkarshanand07,https://github.com/excalidraw/excalidraw/pull/10102,feat: Completed Hindi (hi-IN) translation
Issue,2025-10-08 09:50:53+00:00,OneHitKing,https://github.com/excalidraw/excalidraw/issues/10103,UX Improvement: Show “No active peers” message when joining a random or inactive #room URL
Pull request,2025-10-08 18:38:22+00:00,Shrinivas2708,https://github.com/excalidraw/excalidraw/pull/10104,"feat: Add ""No Active Peers"" Toast for Empty Collaboration Rooms"
Issue,2025-10-08 21:55:21+00:00,danielle-soaress,https://github.com/excalidraw/excalidraw/issues/10105,Enhancement: Validate file extension before processing content on import
Pull request,2025-10-09 07:32:42+00:00,Yasir761,https://github.com/excalidraw/excalidraw/pull/10106,fix: add info tooltip as issue suggested
Pull request,2025-10-09 09:02:29+00:00,AadhilNadhira,https://github.com/excalidraw/excalidraw/pull/10107,fix: increase text padding inside rectangle (#8834)
Pull request,2025-10-09 12:08:48+00:00,dharshan18102006,https://github.com/excalidraw/excalidraw/pull/10108,Add issue templates for bug report and feature request
Pull request,2025-10-09 12:32:44+00:00,Pavithra-csbs,https://github.com/excalidraw/excalidraw/pull/10109,Add Mongolian translation for Excalidraw
Pull request,2025-10-09 12:53:25+00:00,dharshan18102006,https://github.com/excalidraw/excalidraw/pull/10110,Add issue templates for bug report and feature request
Issue,2025-10-09 13:05:17+00:00,devjindal-me,https://github.com/excalidraw/excalidraw/issues/10111,.env is public
Pull request,2025-10-09 13:25:38+00:00,Mithraa-N,https://github.com/excalidraw/excalidraw/pull/10112,Feature/canvas
Pull request,2025-10-09 13:45:16+00:00,BoomikaSN,https://github.com/excalidraw/excalidraw/pull/10113,excalidraw
Pull request,2025-10-09 14:20:01+00:00,Mohd-Saaad,https://github.com/excalidraw/excalidraw/pull/10114,Added popup that shows user is not connected to internt and gives err…
Pull request,2025-10-09 14:28:19+00:00,Sdsai0311,https://github.com/excalidraw/excalidraw/pull/10115,created
Pull request,2025-10-09 14:32:29+00:00,dilipg2257,https://github.com/excalidraw/excalidraw/pull/10116,Slider Change
Pull request,2025-10-09 15:59:38+00:00,RagapriyaGunasekaran,https://github.com/excalidraw/excalidraw/pull/10117,docs: add comprehensive architecture overview document
Pull request,2025-10-09 16:27:31+00:00,jonathandemarco2,https://github.com/excalidraw/excalidraw/pull/10118,Add keyboard navigation between flowchart sibling elements using [ an…
Pull request,2025-10-09 17:06:45+00:00,Jay-Karia,https://github.com/excalidraw/excalidraw/pull/10119,feat: font ligatures
Pull request,2025-10-09 17:07:54+00:00,0punitha,https://github.com/excalidraw/excalidraw/pull/10120,Update .lintstagedrc.js
Pull request,2025-10-09 17:37:20+00:00,Muzhumathi30,https://github.com/excalidraw/excalidraw/pull/10121,importvisio
Issue,2025-10-09 17:53:22+00:00,relfrank007,https://github.com/excalidraw/excalidraw/issues/10122,"Colors inverted in photos in Dark Mode iOS (Safari, Chrome, Firefox, Edge)"
Pull request,2025-10-09 18:11:29+00:00,Gowtham5545,https://github.com/excalidraw/excalidraw/pull/10123,Slider fix.lock
Pull request,2025-10-09 18:47:03+00:00,Ameer-24-09-2007,https://github.com/excalidraw/excalidraw/pull/10124,Slider Change update 
Pull request,2025-10-09 18:49:58+00:00,Soumen-No-Hako,https://github.com/excalidraw/excalidraw/pull/10125,fix: addressing Issue #10111 to hide sensitive API keys
Pull request,2025-10-09 20:08:17+00:00,rajeshm102007-ship-it,https://github.com/excalidraw/excalidraw/pull/10126,Added colors for strokes
Issue,2025-10-09 20:18:02+00:00,SatyamVyas04,https://github.com/excalidraw/excalidraw/issues/10127,Color Picker should display the visually-inverted hex code in dark mode
Issue,2025-10-09 21:46:51+00:00,lunaleaps,https://github.com/excalidraw/excalidraw/issues/10128,"Scaling multi-selected items sometimes scales dimensionally, sometimes aspect-ratio"
Commit,2025-10-09 21:48:31+00:00,ryan-di,https://github.com/excalidraw/excalidraw/commit/416e8b3e421971bf2162cb78a2dee7bbc6dabb23,feat: new mobile layout (#9996)
Pull request,2025-10-09 22:13:58+00:00,Reanooka-Kumar,https://github.com/excalidraw/excalidraw/pull/10129,fix: support Enter to edit group and select all elements in group (#8…
Pull request,2025-10-09 22:16:54+00:00,KVJ51,https://github.com/excalidraw/excalidraw/pull/10130,feat: Add pointer cursor to buttons for better UX
Pull request,2025-10-09 23:37:04+00:00,Kishor-12-04-2007,https://github.com/excalidraw/excalidraw/pull/10131,Fix/slider change
Pull request,2025-10-09 23:42:31+00:00,Mohaneswari-Pugazenthi,https://github.com/excalidraw/excalidraw/pull/10132,Feature: Display Visually Inverted Hex Code in Dark Mode Color Picker
Pull request,2025-10-10 00:51:39+00:00,Sudarshan-prog,https://github.com/excalidraw/excalidraw/pull/10133,UX Improvement
Issue,2025-10-10 03:14:43+00:00,dharshan18102006,https://github.com/excalidraw/excalidraw/issues/10134,features issue
Pull request,2025-10-10 03:24:39+00:00,mounishkrishnan79-ship-it,https://github.com/excalidraw/excalidraw/pull/10135,initial commit
Pull request,2025-10-10 03:43:20+00:00,mounishkrishnan79-ship-it,https://github.com/excalidraw/excalidraw/pull/10136,New Update i18n.ts
Pull request,2025-10-10 03:56:31+00:00,balaguru1807,https://github.com/excalidraw/excalidraw/pull/10137,Add more colors to palette and fix color picker issues
Pull request,2025-10-10 04:00:38+00:00,Mohaneswari-Pugazenthi,https://github.com/excalidraw/excalidraw/pull/10138,Pen size fixed
Pull request,2025-10-10 05:09:33+00:00,ritu0603,https://github.com/excalidraw/excalidraw/pull/10139,Add Vazirmatn font and apply globally
Pull request,2025-10-10 05:36:19+00:00,samruthi-lab,https://github.com/excalidraw/excalidraw/pull/10140,Fix toolbar alignment issues using SCSS
Pull request,2025-10-10 07:20:21+00:00,Abishek-Newar,https://github.com/excalidraw/excalidraw/pull/10141,"Fix: Scaling multi-selected items sometimes scales dimensionally, sometimes aspect-ratio"
Pull request,2025-10-10 07:54:33+00:00,DKER2,https://github.com/excalidraw/excalidraw/pull/10142,Chore: create GenericPoint type
Issue,2025-10-10 12:01:56+00:00,Rickypatelcoding,https://github.com/excalidraw/excalidraw/issues/10143,Emoji issues
Pull request,2025-10-10 14:46:48+00:00,Muthu1206,https://github.com/excalidraw/excalidraw/pull/10144,Create appState
Commit,2025-10-10 16:12:08+00:00,Brikaa,https://github.com/excalidraw/excalidraw/commit/19b03b4ca9d9dbbd8d3246d99490dadf57e4c507,fix: remove redundant selectionStart/End resetting that causes scroll-reset bug on firefox (#8263)
Pull request,2025-10-10 16:34:40+00:00,jonathandemarco2,https://github.com/excalidraw/excalidraw/pull/10145,Update
Pull request,2025-10-10 17:08:46+00:00,TinTinWinata,https://github.com/excalidraw/excalidraw/pull/10146,style: badge spacing in dropdown menu items
Pull request,2025-10-10 21:10:24+00:00,Jayantparashar10,https://github.com/excalidraw/excalidraw/pull/10147,fix: emoji color rendering in dark mode (#10143)
Issue,2025-10-10 21:58:32+00:00,GAC-Machine,https://github.com/excalidraw/excalidraw/issues/10148,"Stylus color panel in middle left section does not show just general icon, but instead it remains opening even after selecting color."
Issue,2025-10-11 05:04:00+00:00,Rickypatelcoding,https://github.com/excalidraw/excalidraw/issues/10149,Arrow issue
Pull request,2025-10-11 12:03:03+00:00,BoomikaSN,https://github.com/excalidraw/excalidraw/pull/10150,acceptes only valid files
Pull request,2025-10-11 14:09:12+00:00,ShristiC7,https://github.com/excalidraw/excalidraw/pull/10151,Fix/touch colorpanel autoclose
Pull request,2025-10-11 15:04:10+00:00,mtolmacs,https://github.com/excalidraw/excalidraw/pull/10152,fix: Alt-duplication copied elements placement
Pull request,2025-10-11 18:36:46+00:00,Ananya44444,https://github.com/excalidraw/excalidraw/pull/10153,Opens New Canvas
Pull request,2025-10-12 15:27:36+00:00,sady4850,https://github.com/excalidraw/excalidraw/pull/10154,Fix Railway PDF.js build error
Pull request,2025-10-12 17:06:35+00:00,sady4850,https://github.com/excalidraw/excalidraw/pull/10155,Fix PDF.js 404 Error in Railway Deployment
Pull request,2025-10-12 17:34:44+00:00,Pranay-Pandey,https://github.com/excalidraw/excalidraw/pull/10156,feat: Add replace text functionality with search
Pull request,2025-10-12 18:22:24+00:00,sady4850,https://github.com/excalidraw/excalidraw/pull/10157,fix: copy favicon files to build directory to fix 404 errors
Pull request,2025-10-12 19:58:47+00:00,sady4850,https://github.com/excalidraw/excalidraw/pull/10158,Configure Vite to use root public directory
Pull request,2025-10-12 20:56:26+00:00,sady4850,https://github.com/excalidraw/excalidraw/pull/10159,Merge upstream excalidraw master (10 commits)
Pull request,2025-10-12 21:26:20+00:00,dwelle,https://github.com/excalidraw/excalidraw/pull/10160,fix: revert preferred selection to box once you switch to `full` UI
Commit,2025-10-12 21:33:02+00:00,dwelle,https://github.com/excalidraw/excalidraw/commit/8608d7b2e000ac5f756c263e2c0d04e3f93485c4,fix: revert preferred selection to box once you switch to `full` UI (#10160)
Issue,2025-10-13 01:51:46+00:00,Acciolyy,https://github.com/excalidraw/excalidraw/issues/10161,Background color option is enabled but non-functional for open-path lines
Issue,2025-10-13 02:04:36+00:00,Acciolyy,https://github.com/excalidraw/excalidraw/issues/10162,Input Validation: Invalid 4-character hex codes are processed inconsistently instead of being rejected
Issue,2025-10-13 05:07:21+00:00,Mehren7,https://github.com/excalidraw/excalidraw/issues/10163,light/dark mode
Pull request,2025-10-13 13:04:45+00:00,ChiefMahedi,https://github.com/excalidraw/excalidraw/pull/10164,docs: fix typo in excalidraw installation guide
Issue,2025-10-13 14:22:31+00:00,luc4leone,https://github.com/excalidraw/excalidraw/issues/10165,"UX: Remember last used style per element type, not globally"
Pull request,2025-10-13 14:39:49+00:00,Akhila21-6,https://github.com/excalidraw/excalidraw/pull/10166,feat: allow laser pointer to click on links (Closes #9649)
Issue,2025-10-13 18:21:47+00:00,caiomsabino,https://github.com/excalidraw/excalidraw/issues/10167,[UX Bug] Invalid Email Error Displays Raw JSON Object Instead of User-Friendly Message
Pull request,2025-10-13 18:33:27+00:00,cTangonan123,https://github.com/excalidraw/excalidraw/pull/10168,Feat: enable enter edit group mode
Pull request,2025-10-13 19:10:03+00:00,Happyesss,https://github.com/excalidraw/excalidraw/pull/10169,fix: add npm support to build scripts and maintain yarn compatibility
Pull request,2025-10-13 22:45:19+00:00,kdt523,https://github.com/excalidraw/excalidraw/pull/10170,fix: improve email validation error display with user-friendly messag…
Issue,2025-10-14 04:36:22+00:00,sashpawar11,https://github.com/excalidraw/excalidraw/issues/10171,[UI Bug] Controls and other elements on canvas appear zoomed-in
Issue,2025-10-14 06:05:12+00:00,NazmusSayad,https://github.com/excalidraw/excalidraw/issues/10172,Get normal font by default instead of super-fancy hand-draw font
Issue,2025-10-14 06:35:37+00:00,vaijaaaaa,https://github.com/excalidraw/excalidraw/issues/10173,Add Map Support in Excalidraw
Issue,2025-10-14 09:00:00+00:00,KushalXCoder,https://github.com/excalidraw/excalidraw/issues/10175,Feature: User Avatar
Pull request,2025-10-14 12:11:39+00:00,VineshRajkumar,https://github.com/excalidraw/excalidraw/pull/10176,fix: disable background color for open-path lines
Pull request,2025-10-14 13:23:03+00:00,dwelle,https://github.com/excalidraw/excalidraw/pull/10177,fix: mobile UI and other fixes
Commit,2025-10-14 14:34:49+00:00,dwelle,https://github.com/excalidraw/excalidraw/commit/5fffc4743fecb89eeb549c8cf4fb4b9ffd05c703,fix: mobile UI and other fixes (#10177)
Pull request,2025-10-14 15:10:46+00:00,ryan-di,https://github.com/excalidraw/excalidraw/pull/10178,refactor: single source of truths with editor interface
Issue,2025-10-15 15:01:30+00:00,rpviana-mindera,https://github.com/excalidraw/excalidraw/issues/10179,Zoom of the page
Pull request,2025-10-15 17:57:06+00:00,mtolmacs,https://github.com/excalidraw/excalidraw/pull/10180,fix: Increase transform handle offset
Commit,2025-10-15 19:16:20+00:00,mtolmacs,https://github.com/excalidraw/excalidraw/commit/7da176ff7d13aa16b23195a343689df7cd3372be,fix: Increase transform handle offset (#10180)
Issue,2025-10-15 19:26:33+00:00,Joakim31,https://github.com/excalidraw/excalidraw/issues/10181,"[BUG] Text Element incorrectly associated with the original container after ""Wrap text in a container"""
Issue,2025-10-16 10:51:25+00:00,acitd,https://github.com/excalidraw/excalidraw/issues/10182,Feature Request: Option to Zoom with Mouse Wheel Without Holding Ctrl
Pull request,2025-10-16 10:59:30+00:00,VineshRajkumar,https://github.com/excalidraw/excalidraw/pull/10183,fix: text elements incorrectly linked to original container when wrapped
Issue,2025-10-16 17:48:04+00:00,datachess,https://github.com/excalidraw/excalidraw/issues/10184,Custom fonts
Issue,2025-10-16 17:49:41+00:00,datachess,https://github.com/excalidraw/excalidraw/issues/10185,Border radius
Issue,2025-10-16 17:51:27+00:00,datachess,https://github.com/excalidraw/excalidraw/issues/10186,Text formatting
Pull request,2025-10-17 11:33:07+00:00,himabindu-1614,https://github.com/excalidraw/excalidraw/pull/10187,docs: add text formatting info (#10186)
Pull request,2025-10-17 21:23:04+00:00,Gourab-18,https://github.com/excalidraw/excalidraw/pull/10188,Laser point should allow to click on links #9649
Issue,2025-10-17 22:32:26+00:00,MohitMehtre,https://github.com/excalidraw/excalidraw/issues/10189,[BUG] Text editor shifts canvas and creates white space when editing near edges
Pull request,2025-10-18 00:05:44+00:00,MohitMehtre,https://github.com/excalidraw/excalidraw/pull/10190,Fix/text editor edge shift
Issue,2025-10-18 08:54:37+00:00,kumbhar-sarthak,https://github.com/excalidraw/excalidraw/issues/10191,[BUG] Web Embed Not working properly.
Issue,2025-10-18 12:21:12+00:00,selimAP,https://github.com/excalidraw/excalidraw/issues/10192,Feature Request: Advanced Laser Tool Options (Pointer Modes)
Issue,2025-10-19 14:46:15+00:00,dragon-slayer27,https://github.com/excalidraw/excalidraw/issues/10193,Feature Request: Save to Disk as a PDF
Pull request,2025-10-19 15:08:19+00:00,johannes-z,https://github.com/excalidraw/excalidraw/pull/10194,Feat: add visibility flag to support layers
Issue,2025-10-19 20:34:02+00:00,zsviczian,https://github.com/excalidraw/excalidraw/issues/10195,Canvas color picker is behind canvas menu on Mobile
Issue,2025-10-19 21:31:38+00:00,zsviczian,https://github.com/excalidraw/excalidraw/issues/10196,Positioning of mobile .data-radix-popper-content-wrapper does not consider viewport offsets
Pull request,2025-10-19 22:18:02+00:00,ask-elad,https://github.com/excalidraw/excalidraw/pull/10197,feat: added the feature to directly export canvas to pdf
Issue,2025-10-20 00:53:18+00:00,KaiCodesWithGithub,https://github.com/excalidraw/excalidraw/issues/10198,Web Embed URL Whitelist Request
Pull request,2025-10-20 05:10:05+00:00,ryan-di,https://github.com/excalidraw/excalidraw/pull/10199,fix: context menu getting covered
Pull request,2025-10-20 06:10:52+00:00,itsomg134,https://github.com/excalidraw/excalidraw/pull/10200,Add contribution guide for PHP Todo App
Pull request,2025-10-20 06:12:07+00:00,itsomg134,https://github.com/excalidraw/excalidraw/pull/10201,Add PHP Todo App with CRUD features
Commit,2025-10-20 09:56:55+00:00,ryan-di,https://github.com/excalidraw/excalidraw/commit/725412ebd337c18179a52d968d3b0d29eb9c2fa4,fix: context menu getting covered (#10199)
Pull request,2025-10-20 13:24:36+00:00,kdt523,https://github.com/excalidraw/excalidraw/pull/10203, fix: robust platform icon detection in ShareDialog (avoid UA parsing)
Pull request,2025-10-20 13:57:10+00:00,itsomg134,https://github.com/excalidraw/excalidraw/pull/10204,Enhance Factory Method Pattern Java documentation
Commit,2025-10-20 14:09:20+00:00,Brikaa,https://github.com/excalidraw/excalidraw/commit/8013eb5e1628293ee671e431c52184dc576fe293,feat: More prominent keyboard shortcuts in hints (#10057)
Pull request,2025-10-20 14:42:39+00:00,dwelle,https://github.com/excalidraw/excalidraw/pull/10214,fix: small tweaks to shortcut hints
Commit,2025-10-20 14:57:40+00:00,dwelle,https://github.com/excalidraw/excalidraw/commit/4e0441eeb413ad7234f65cbb8fbb397bc715ff46,fix: small tweaks to shortcut hints (#10214)
Issue,2025-10-20 15:53:33+00:00,NitishSharma-HP,https://github.com/excalidraw/excalidraw/issues/10215,When clicking on pen or text icon the left pallette takes alot of space. Need some toggling option.
Issue,2025-10-21 02:29:24+00:00,PATILYASHH,https://github.com/excalidraw/excalidraw/issues/10216,Feature Request: Add Lorem Ipsum Text Generator inside Excalidraw
Issue,2025-10-21 04:22:49+00:00,noraegeorge,https://github.com/excalidraw/excalidraw/issues/10217,Add malayalam as a language
Issue,2025-10-21 08:43:41+00:00,johannes-z,https://github.com/excalidraw/excalidraw/issues/10218,[Docs] Provide full build instructions
Pull request,2025-10-21 10:24:01+00:00,satu2423,https://github.com/excalidraw/excalidraw/pull/10219,made changes in app.tsx resolved the whitelist issue
Pull request,2025-10-21 16:36:20+00:00,zsviczian,https://github.com/excalidraw/excalidraw/pull/10221,fix: set radix PropertiesPopover collision boundary
Pull request,2025-10-21 20:03:35+00:00,mtolmacs,https://github.com/excalidraw/excalidraw/pull/10222,feat: Add binding visual debug
Pull request,2025-10-21 20:31:25+00:00,therigozsolti,https://github.com/excalidraw/excalidraw/pull/10223,feat: Text to diagram | POC rework
Pull request,2025-10-21 21:38:12+00:00,workonlly,https://github.com/excalidraw/excalidraw/pull/10224,#10218 issue. \excalidraw\packages\excalidraw\BUILDING_CUSTOM.md  step by step independent solution
Pull request,2025-10-21 23:42:08+00:00,amarsingh-me,https://github.com/excalidraw/excalidraw/pull/10225,docs: update installation instructions for clarity.
Issue,2025-10-22 03:03:10+00:00,sanshidndjeke-svg,https://github.com/excalidraw/excalidraw/issues/10226,Web Embed Not working properly
Issue,2025-10-22 06:25:04+00:00,imanzaker,https://github.com/excalidraw/excalidraw/issues/10227,connecting arrows to line
Issue,2025-10-22 10:43:38+00:00,LOGISSIMO,https://github.com/excalidraw/excalidraw/issues/10228,Two feature requests…
Pull request,2025-10-22 16:21:16+00:00,mtolmacs,https://github.com/excalidraw/excalidraw/pull/10229,feat: Simplify the freedraw element at creation or restoration
Pull request,2025-10-22 16:43:06+00:00,mtolmacs,https://github.com/excalidraw/excalidraw/pull/10230,feat: Freedraw experiment 1
Issue,2025-10-22 18:19:41+00:00,emnik,https://github.com/excalidraw/excalidraw/issues/10231,FEATURE PROPOSAL: Ability to rotate frames
Commit,2025-10-22 21:29:39+00:00,zsviczian,https://github.com/excalidraw/excalidraw/commit/19b3dc658a56ad50d1e3e8a6ddce8bedc5147f84,fix: set radix PropertiesPopover collision boundary (#10221)
Issue,2025-10-22 21:35:35+00:00,MohitMehtre,https://github.com/excalidraw/excalidraw/issues/10232,feat: Add a Collapse Button for Sidebar Panel
Issue,2025-10-23 04:38:49+00:00,akhilub,https://github.com/excalidraw/excalidraw/issues/10233,Bug
Pull request,2025-10-23 04:54:53+00:00,Hell1213,https://github.com/excalidraw/excalidraw/pull/10234,feat: Add hex color validation with error feedback in ColorPicker
Pull request,2025-10-23 06:10:08+00:00,lakatostamas,https://github.com/excalidraw/excalidraw/pull/10235,Text to diagram rework
Pull request,2025-10-23 07:51:51+00:00,jigeng123,https://github.com/excalidraw/excalidraw/pull/10236,"空格进入编辑模式,且不全选"
Issue,2025-10-23 08:03:42+00:00,greenuns,https://github.com/excalidraw/excalidraw/issues/10237,[BUG] Cannot delete text inside shapes or textbox
Pull request,2025-10-23 08:58:43+00:00,mtolmacs,https://github.com/excalidraw/excalidraw/pull/10238,chore: Uncap the nodejs version requirement
Pull request,2025-10-24 06:24:33+00:00,DancingPeacock-31,https://github.com/excalidraw/excalidraw/pull/10240,fix: improve eye dropper accessibility on mobile devices
Pull request,2025-10-24 07:28:55+00:00,balaraj74,https://github.com/excalidraw/excalidraw/pull/10241,Bug Fix: Mobile Footer Not Rendering (#10233)
Issue,2025-10-24 18:22:33+00:00,sajjad-sys,https://github.com/excalidraw/excalidraw/issues/10244,Canvas Zoom Reset Issue in Excalidraw Plugin for Obsidian
Pull request,2025-10-24 23:04:11+00:00,Slivix,https://github.com/excalidraw/excalidraw/pull/10245,fix: A bug fix Report Extra Line ends Appearing on Top of Oval Shape
Issue,2025-10-25 00:25:24+00:00,nabarvn,https://github.com/excalidraw/excalidraw/issues/10246,[UI BUG] Toolbar hint overlaps with logo on the welcome screen
Pull request,2025-10-25 01:57:32+00:00,nabarvn,https://github.com/excalidraw/excalidraw/pull/10247,Adjust welcome screen layout for large screens
Pull request,2025-10-25 12:29:13+00:00,MohitMehtre,https://github.com/excalidraw/excalidraw/pull/10248,feat: add collapsible button for left sidebar in Actions panel
Issue,2025-10-25 23:17:22+00:00,Mounir-abaddah,https://github.com/excalidraw/excalidraw/issues/10249,Persist data in Local Storage
Pull request,2025-10-26 00:42:15+00:00,cTangonan123,https://github.com/excalidraw/excalidraw/pull/10250,fix: prevent wrap text in a container to only text that are not bound to a container
Issue,2025-10-26 03:21:28+00:00,lukakostic,https://github.com/excalidraw/excalidraw/issues/10251,"Reduce pencil width, disable speed-based width? disable stroke scaling on resize?"
Issue,2025-10-26 05:22:53+00:00,zsviczian,https://github.com/excalidraw/excalidraw/issues/10252,Color picker falls apart after resetting the canvas on the new mobile UI
Pull request,2025-10-26 09:36:47+00:00,Hell1213,https://github.com/excalidraw/excalidraw/pull/10253,fix: preserve stylesPanelMode during canvas reset to prevent mobile color picker UI corruption
Pull request,2025-10-26 14:58:38+00:00,kumbhar-sarthak,https://github.com/excalidraw/excalidraw/pull/10254,Fix: update LastUsedColor handling and related tests
Issue,2025-10-26 18:04:50+00:00,Mounir-abaddah,https://github.com/excalidraw/excalidraw/issues/10255,How to save and restore Excalidraw drawings from localStorage in React?
Issue,2025-10-26 20:23:57+00:00,hsmcaraibconcept-collab,https://github.com/excalidraw/excalidraw/issues/10256,Bot de Trading - Stratégie Poker & Échecs
Commit,2025-10-26 22:00:17+00:00,cTangonan123,https://github.com/excalidraw/excalidraw/commit/8d8f69662877a3b7a9d11869392efa778235b785,fix: prevent wrap text in a container to only text that are not bound to a container (#10250)
Issue,2025-10-27 07:48:51+00:00,manumoore96-glitch,https://github.com/excalidraw/excalidraw/issues/10257,Please please please for the love of CHRIST HELP ME FAST
Pull request,2025-10-28 18:13:21+00:00,adityaa05,https://github.com/excalidraw/excalidraw/pull/10258,feat: Add clear history action
Issue,2025-10-29 00:00:12+00:00,KyleDunbarDev,https://github.com/excalidraw/excalidraw/issues/10259,Opening a new file does not change the default file name to the opened file
Pull request,2025-10-29 07:44:20+00:00,krrish175-byte,https://github.com/excalidraw/excalidraw/pull/10260,fix(files): update fileHandle after opening to prevent overwriting wrong file
Issue,2025-10-29 08:19:46+00:00,samvel-ritual,https://github.com/excalidraw/excalidraw/issues/10261,Images are not loading
Issue,2025-10-29 09:03:15+00:00,GreenMan36,https://github.com/excalidraw/excalidraw/issues/10262,Dutch Web Embed URL Whitelist Request
Issue,2025-10-29 13:13:42+00:00,Firestorm7120,https://github.com/excalidraw/excalidraw/issues/10263,Font Options
Issue,2025-10-29 15:14:08+00:00,s1lverfish,https://github.com/excalidraw/excalidraw/issues/10264,Bug: Unexpected behaviour when using toolbar while drawing linear element.
Pull request,2025-10-29 15:41:12+00:00,Vishwajit0607,https://github.com/excalidraw/excalidraw/pull/10265,Create vish.py
Pull request,2025-10-29 15:41:53+00:00,Vishwajit0607,https://github.com/excalidraw/excalidraw/pull/10266,Create vishu.py
Issue,2025-10-29 16:43:13+00:00,Guilhem-Dubernet,https://github.com/excalidraw/excalidraw/issues/10267,[BUG] Empty PNG file when trying to save a board as PNG with dark background
Pull request,2025-10-29 22:10:06+00:00,Luiskr34,https://github.com/excalidraw/excalidraw/pull/10268,test: creating a test for polygonIncludesPointNonZero
Issue,2025-10-30 05:56:25+00:00,bitigchi,https://github.com/excalidraw/excalidraw/issues/10269,Auto-format for percent values
Pull request,2025-10-30 08:03:30+00:00,kumbhar-sarthak,https://github.com/excalidraw/excalidraw/pull/10270,Add Malayalam (ml-IN) translations
Issue,2025-10-30 13:29:45+00:00,mohaezzai7-arch,https://github.com/excalidraw/excalidraw/issues/10271,Simple hand-drawn educational diagram.
Issue,2025-10-31 03:02:25+00:00,mbpowers,https://github.com/excalidraw/excalidraw/issues/10272,Image import fails if focus returns to excalidraw before choosing
Pull request,2025-10-31 06:07:38+00:00,Acciolyy,https://github.com/excalidraw/excalidraw/pull/10273,test: add MC/DC unit tests for prepareElementsForExport (packages/excalidraw)
Pull request,2025-10-31 17:05:39+00:00,danielle-soaress,https://github.com/excalidraw/excalidraw/pull/10274,Add Unit Tests for eraserTest Function in @excalidraw/excalidraw/eraser
Pull request,2025-10-31 21:45:04+00:00,daviaraujobr,https://github.com/excalidraw/excalidraw/pull/10275,Fix(element): Correct getPerfectElementSize for rectangles and increase test coverage
Pull request,2025-10-31 22:41:10+00:00,EnzoEmir,https://github.com/excalidraw/excalidraw/pull/10276,test: Add coverage for SVG export rendering logic
Pull request,2025-11-01 02:41:05+00:00,kauan-campos,https://github.com/excalidraw/excalidraw/pull/10277,test: add getResizeArrowDirection tests
Pull request,2025-11-01 09:00:21+00:00,zsviczian,https://github.com/excalidraw/excalidraw/pull/10278,merge upstream changes
Pull request,2025-11-02 06:35:08+00:00,kzroo,https://github.com/excalidraw/excalidraw/pull/10279,feat: highlighter tool
Pull request,2025-11-02 21:46:56+00:00,samsar,https://github.com/excalidraw/excalidraw/pull/10280,play around with custom elements to render custom data
Issue,2025-11-03 16:18:32+00:00,josh-williams,https://github.com/excalidraw/excalidraw/issues/10281,Comment notifications don't use HTTPS URL
Commit,2025-11-03 16:30:35+00:00,mtolmacs,https://github.com/excalidraw/excalidraw/commit/8fd970320e1d754d1c76bc31abc440b9d88aafab,chore: Uncap the nodejs version requirement (#10238)
Commit,2025-11-03 22:34:17+00:00,ryan-di,https://github.com/excalidraw/excalidraw/commit/47cbb5b6fbeba23fbdfb72729159d723f1176746,refactor: single source of truths with editor interface (#10178)
Commit,2025-11-03 22:36:08+00:00,excalibot,https://github.com/excalidraw/excalidraw/commit/d1f39823f1218b5663ffcba8b9ca0cf2098b6ea6,chore: Update translations from Crowdin (#7429)
Issue,2025-11-03 22:40:32+00:00,dwelle,https://github.com/excalidraw/excalidraw/issues/10282,view mode and zen mode working in mobile
Issue,2025-11-03 23:55:44+00:00,DataX8,https://github.com/excalidraw/excalidraw/issues/10283,Backend Database not saving fairly small whiteboards
Pull request,2025-11-04 03:18:23+00:00,ryan-di,https://github.com/excalidraw/excalidraw/pull/10284,fix: mobile view ui issues
Commit,2025-11-04 11:20:55+00:00,ryan-di,https://github.com/excalidraw/excalidraw/commit/c99e81678bd13eb34c4f027472e8cd0b4121ba4d,fix: mobile view ui issues (#10284)
Pull request,2025-11-04 19:47:28+00:00,Monisha-204,https://github.com/excalidraw/excalidraw/pull/10285,feat: Add JPG export with filename prompt
Issue,2025-11-05 04:24:04+00:00,AdityaTeltia,https://github.com/excalidraw/excalidraw/issues/10286,Migrate from Yarn to Bun for improved performance
Pull request,2025-11-05 04:30:30+00:00,AdityaTeltia,https://github.com/excalidraw/excalidraw/pull/10287,feat: migrate from Yarn to Bun as package manager
Issue,2025-11-05 12:32:50+00:00,Shuklax,https://github.com/excalidraw/excalidraw/issues/10288,Add double sided arrow
Pull request,2025-11-05 13:46:38+00:00,SyLi9527,https://github.com/excalidraw/excalidraw/pull/10289,feat: Replace language list with radio toggle in main menu
Pull request,2025-11-06 05:23:12+00:00,Aashish-Jha-11,https://github.com/excalidraw/excalidraw/pull/10290,feat: Add double arrow arrowhead option
Issue,2025-11-06 08:38:01+00:00,zsviczian,https://github.com/excalidraw/excalidraw/issues/10291,Toggle pen-mode button is missing from the new mobile UI
Pull request,2025-11-06 10:57:09+00:00,jondavid-black,https://github.com/excalidraw/excalidraw/pull/10292,001 upgrade nodejs
Pull request,2025-11-06 18:52:30+00:00,zsviczian,https://github.com/excalidraw/excalidraw/pull/10293,fix: add toggle pen-mode to MobileMenu
Pull request,2025-11-06 19:55:06+00:00,dwelle,https://github.com/excalidraw/excalidraw/pull/10294,feat: add comments/presi eplus promos for discoveribility
Commit,2025-11-06 20:35:14+00:00,dwelle,https://github.com/excalidraw/excalidraw/commit/5bcd8280c97c97b95f4fd268dbd4ff3d7905f87b,feat: add comments/presi eplus promos for discoveribility (#10294)
Commit,2025-11-06 21:33:11+00:00,zsviczian,https://github.com/excalidraw/excalidraw/commit/95ddc663392d94cd22a17a982dde5060849038de,fix: add toggle pen-mode to MobileMenu (#10293)
Pull request,2025-11-06 21:37:22+00:00,dwelle,https://github.com/excalidraw/excalidraw/pull/10295,fix: close floating sidebar on main menu open
Commit,2025-11-06 21:39:39+00:00,dwelle,https://github.com/excalidraw/excalidraw/commit/f2600fe3e835bad81b3c6eb9aeae58e7974ccea1,fix: close floating sidebar on main menu open (#10295)
Issue,2025-11-07 03:44:28+00:00,AliaKaTong,https://github.com/excalidraw/excalidraw/issues/10296,"When creating a new canvas, the data of the old canvas is lost"
Issue,2025-11-07 09:03:11+00:00,rdardennes-dot,https://github.com/excalidraw/excalidraw/issues/10297,Request history
Issue,2025-11-07 13:13:13+00:00,rdardennes-dot,https://github.com/excalidraw/excalidraw/issues/10298,Transforming a mixed figure in element
Issue,2025-11-07 14:16:27+00:00,ballet-mecanique,https://github.com/excalidraw/excalidraw/issues/10299,Allow command palette to be opened with non-US keyboards (e.g. cmd-k)
Pull request,2025-11-08 05:15:17+00:00,parthz-13,https://github.com/excalidraw/excalidraw/pull/10300,feat: add Cmd-K as alternative shortcut for command palette
Pull request,2025-11-08 05:42:18+00:00,MasihMoafi,https://github.com/excalidraw/excalidraw/pull/10301,feat: Add collaborative painting platform
Pull request,2025-11-08 05:55:07+00:00,saitejacodes,https://github.com/excalidraw/excalidraw/pull/10302,Add Cmd+K / Ctrl+K as an alternative shortcut for the command palette
Issue,2025-11-08 13:26:20+00:00,rdardennes-dot,https://github.com/excalidraw/excalidraw/issues/10303,I paid 60$ a year for a draft ! lots of bugs !!! lots of misses
Issue,2025-11-09 09:34:02+00:00,HowsYourFather,https://github.com/excalidraw/excalidraw/issues/10304,Bug: Basic Shapes library shapes on Android lose resize frame after recent Excalidraw update
Issue,2025-11-09 11:29:57+00:00,darshil-2005,https://github.com/excalidraw/excalidraw/issues/10305,Weird behavior with programmatically created elements.
Pull request,2025-11-09 11:56:54+00:00,MeetRamatri,https://github.com/excalidraw/excalidraw/pull/10307,feat: import fonts
Pull request,2025-11-09 14:32:56+00:00,apheksha,https://github.com/excalidraw/excalidraw/pull/10308,feat(color-picker): add customizable ColorPaletteTable with persistence
Issue,2025-11-09 17:46:06+00:00,tilmamakes,https://github.com/excalidraw/excalidraw/issues/10309,More Stroke width options & shortcut to increase or decrease stroke width
Issue,2025-11-10 03:07:40+00:00,davidcast95,https://github.com/excalidraw/excalidraw/issues/10310,"Hi, i need to whitelist this url, cause i use app.arcade as video tutorial link, so if i can embed web directy it will be nice"
Issue,2025-11-10 03:31:04+00:00,o7si,https://github.com/excalidraw/excalidraw/issues/10311,How to render math formulas in Excalidraw?
Commit,2025-11-10 11:08:57+00:00,mtolmacs,https://github.com/excalidraw/excalidraw/commit/8fb16669ab913b7618c6e55a4aba18275fabd1bb,feat: Add binding visual debug (#10222)
Issue,2025-11-10 14:53:34+00:00,BataevDaniil,https://github.com/excalidraw/excalidraw/issues/10312,Use type binary (File or Blob) instead dataURL
Commit,2025-11-10 21:31:08+00:00,mtolmacs,https://github.com/excalidraw/excalidraw/commit/dc2f25c14add5156a105ab3675c0b179586dc750,fix: Alt-duplication copied elements placement (#10152)
Commit,2025-11-10 21:31:23+00:00,mtolmacs,https://github.com/excalidraw/excalidraw/commit/2b4540225d66ec4f71d622f5405f2b7b0ef3735c,feat: Animation support (#10042)
Issue,2025-11-11 06:46:45+00:00,SoumilB7,https://github.com/excalidraw/excalidraw/issues/10314,Feature Request : Waypoints
Pull request,2025-11-11 09:16:01+00:00,dwelle,https://github.com/excalidraw/excalidraw/pull/10315,fix: banner url
Commit,2025-11-11 10:29:44+00:00,dwelle,https://github.com/excalidraw/excalidraw/commit/7f66e1fe897873713ba04410534be2d97b9139af,fix: banner url (#10315)
Pull request,2025-11-11 11:20:23+00:00,excalibot,https://github.com/excalidraw/excalidraw/pull/10316,chore: Update translations from Crowdin
Issue,2025-11-11 11:50:20+00:00,rpastore-wolt,https://github.com/excalidraw/excalidraw/issues/10317,Not able to delete a room content
Pull request,2025-11-11 13:21:55+00:00,DevaanshKathuria,https://github.com/excalidraw/excalidraw/pull/10318,fix: set root directory to project root for proper deployment
Pull request,2025-11-11 16:39:43+00:00,3rg0n,https://github.com/excalidraw/excalidraw/pull/10319,chore: migrate to ESLint 9 with flat config
Pull request,2025-11-11 20:19:50+00:00,3rg0n,https://github.com/excalidraw/excalidraw/pull/10320,chore: migrate to ESLint 9 and fix all TypeScript errors
Pull request,2025-11-11 22:28:54+00:00,3rg0n,https://github.com/excalidraw/excalidraw/pull/10321,chore: upgrade dependencies across monorepo
Pull request,2025-11-12 00:22:36+00:00,3rg0n,https://github.com/excalidraw/excalidraw/pull/10322,feat: upgrade browser-fs-access to 0.38.0
Pull request,2025-11-12 02:58:44+00:00,3rg0n,https://github.com/excalidraw/excalidraw/pull/10323,feat: add Venn diagram generator for 2-3 overlapping shapes
Pull request,2025-11-12 07:58:03+00:00,curiouscoder-cmd,https://github.com/excalidraw/excalidraw/pull/10324,feat: implement locale-aware percent formatting for zoom display
Issue,2025-11-12 17:18:24+00:00,dgon-jd,https://github.com/excalidraw/excalidraw/issues/10325,Wrong snap coordinates of arrows connected to a rotated rectangle
Issue,2025-11-12 18:48:34+00:00,GUNAVANTH333,https://github.com/excalidraw/excalidraw/issues/10326,Improve selection tool to require minimum coverage
Issue,2025-11-12 19:04:19+00:00,slazle,https://github.com/excalidraw/excalidraw/issues/10327,test
Pull request,2025-11-12 19:08:37+00:00,GUNAVANTH333,https://github.com/excalidraw/excalidraw/pull/10328,Selection: allow selecting elements when partially covered
Issue,2025-11-13 03:25:14+00:00,xieweilin995-collab,https://github.com/excalidraw/excalidraw/issues/10330,内容丢失！无找回入口
Issue,2025-11-13 06:19:09+00:00,liangbing8612-jpg,https://github.com/excalidraw/excalidraw/issues/10331,how to prevent the curved arrows from dragging when I drag the box?
Issue,2025-11-13 09:26:01+00:00,Karthikeya1500,https://github.com/excalidraw/excalidraw/issues/10332,Eraser deletes the entire element instead of erasing only a small portion of a line
Pull request,2025-11-13 15:10:39+00:00,kumbhar-sarthak,https://github.com/excalidraw/excalidraw/pull/10333,feat: adjust stroke width for better visibility
Issue,2025-11-13 23:46:15+00:00,alltiagocom,https://github.com/excalidraw/excalidraw/issues/10334,Feature Request: Multiple groups / libraries
Issue,2025-11-14 12:48:55+00:00,antelcha,https://github.com/excalidraw/excalidraw/issues/10335,Feature Request: Dotted background
Issue,2025-11-15 10:35:04+00:00,Owais-cmd,https://github.com/excalidraw/excalidraw/issues/10338,feat: Add Kanada as a language
Pull request,2025-11-15 10:42:43+00:00,Owais-cmd,https://github.com/excalidraw/excalidraw/pull/10339,Add kannada translation: 
Issue,2025-11-15 22:12:33+00:00,DexLuthor,https://github.com/excalidraw/excalidraw/issues/10340,Moving the canvas gets stuck when the cursor hovers over a frame title.
Pull request,2025-11-16 03:54:11+00:00,Acciolyy,https://github.com/excalidraw/excalidraw/pull/10341,feat: disable background color picker for open lines (#10161)
Pull request,2025-11-16 03:54:42+00:00,ACHolmes,https://github.com/excalidraw/excalidraw/pull/10342,fix: Switch between lasso and selection tools
Pull request,2025-11-16 12:15:25+00:00,AyushRajgor,https://github.com/excalidraw/excalidraw/pull/10343,[accidentally] sync
Pull request,2025-11-17 01:41:02+00:00,JoaoPedro2206,https://github.com/excalidraw/excalidraw/pull/10344,Fix: Refatora getShareIcon para usar navigator.platform
Issue,2025-11-17 08:55:08+00:00,Julrob199,https://github.com/excalidraw/excalidraw/issues/10345,Old default file name (date) as 2024-01-12
Issue,2025-11-18 04:54:55+00:00,VIDHITTS,https://github.com/excalidraw/excalidraw/issues/10348,Memory leak: Document event listeners not cleaned up in Collab component
Issue,2025-11-18 05:57:31+00:00,1650948655-pixel,https://github.com/excalidraw/excalidraw/issues/10349,Error occurred while uploading the image.
Pull request,2025-11-18 07:23:23+00:00,Aaqilyousuf,https://github.com/excalidraw/excalidraw/pull/10350,feat(elements): add metadata support with JSON editor and tooltip display
Pull request,2025-11-18 07:46:17+00:00,gothamsidd,https://github.com/excalidraw/excalidraw/pull/10351,fix: canvas panning stops when hovering over frame title (#10340)
Commit,2025-11-18 09:24:02+00:00,gothamsidd,https://github.com/excalidraw/excalidraw/commit/37882c66cbe2b46a1acf8e990638a511c0fe757b,fix: canvas panning stops when hovering over frame title (#10340) (#10351)
Pull request,2025-11-18 14:41:20+00:00,mayrmartin,https://github.com/excalidraw/excalidraw/pull/10352,Eraser tool option
Issue,2025-11-18 18:54:46+00:00,anktrj,https://github.com/excalidraw/excalidraw/issues/10353,Save you excalidraw changes to you google drive
Pull request,2025-11-19 00:25:43+00:00,cristiangarcia04,https://github.com/excalidraw/excalidraw/pull/10354,Add validation and error message for invalid hex color input (fix #9576)
Issue,2025-11-19 02:19:48+00:00,harryzcy,https://github.com/excalidraw/excalidraw/issues/10355,New releease after v0.18.1
Pull request,2025-11-19 03:15:49+00:00,cristiangarcia04,https://github.com/excalidraw/excalidraw/pull/10356,Fix: ensure image fileId and metadata are generated correctly (#10349)
Pull request,2025-11-19 03:26:57+00:00,Luiskr34,https://github.com/excalidraw/excalidraw/pull/10357,feat: validate hex color inputs #9527
Pull request,2025-11-19 06:38:34+00:00,ryan-di,https://github.com/excalidraw/excalidraw/pull/10358,fix: use index path instead of ellipse
Issue,2025-11-19 13:17:26+00:00,ugarsrinivas3-cmd,https://github.com/excalidraw/excalidraw/issues/10359,"<iframe src=""https://claude.site/public/artifacts/192abf2c-315d-4938-ae6c-6125157e44f0/embed"" title=""Claude Artifact"" width=""100%"" height=""600"" frameborder=""0"" allow=""clipboard-write"" allowfullscreen></iframe>"
Issue,2025-11-19 15:18:01+00:00,SergeyOhryamkin,https://github.com/excalidraw/excalidraw/issues/10360,Issue with responsive layout
Issue,2025-11-19 22:58:12+00:00,GAC-Machine,https://github.com/excalidraw/excalidraw/issues/10361,[FEATURE] Is possible to have truly full screen mode in Excalidraw  plugin for Android?
Issue,2025-11-20 10:46:42+00:00,johannesPosedio,https://github.com/excalidraw/excalidraw/issues/10362,Move isBound to @excalidraw/math
Pull request,2025-11-20 10:49:05+00:00,johannesPosedio,https://github.com/excalidraw/excalidraw/pull/10363,chore: move isBounds method to math package (#10362)
Pull request,2025-11-20 12:46:51+00:00,ghost,https://github.com/excalidraw/excalidraw/pull/10364,refactor: renaming of approxContainerHeight and width
Pull request,2025-11-20 13:48:12+00:00,johannesPosedio,https://github.com/excalidraw/excalidraw/pull/10365,refactor: rename isResizing state to isScaling
Issue,2025-11-20 13:58:58+00:00,lukasposedio,https://github.com/excalidraw/excalidraw/issues/10366,Add missing implementations for bounds for line and quadratic curve
Pull request,2025-11-20 14:01:04+00:00,lukasposedio,https://github.com/excalidraw/excalidraw/pull/10367,feat: Bounds calculations forline and qcurve (#10366)
Pull request,2025-11-20 14:07:06+00:00,edo-mike-trotta,https://github.com/excalidraw/excalidraw/pull/10368,gpt-5-task-S-xxl-font
Pull request,2025-11-20 18:04:45+00:00,mrsandy1965,https://github.com/excalidraw/excalidraw/pull/10369,Fix: Add error handling for zero-sized ellipses to prevent division by zero
Issue,2025-11-20 18:24:50+00:00,jin6yang,https://github.com/excalidraw/excalidraw/issues/10370,"The ""XXX.excalidraw"" file manually created locally cannot be read or opened in the browser."
Pull request,2025-11-20 18:36:06+00:00,LeticiaSantosss,https://github.com/excalidraw/excalidraw/pull/10371,Fix: preserve startBinding and endBinding in arrow and linear elements (TDD)
Pull request,2025-11-20 21:56:07+00:00,Acciolyy,https://github.com/excalidraw/excalidraw/pull/10372,feat: disable background color for open freedraw (#10161)
Issue,2025-11-20 23:23:03+00:00,Ember333,https://github.com/excalidraw/excalidraw/issues/10373,Dark mode should not alter the colors of imported images
Issue,2025-11-21 00:58:50+00:00,Terry-Ding,https://github.com/excalidraw/excalidraw/issues/10374,Add Implementation for the FIXME Section in selection.ts
Pull request,2025-11-21 01:01:03+00:00,Terry-Ding,https://github.com/excalidraw/excalidraw/pull/10375,refactor(element): Make isSomeElementSelected a pure function
Issue,2025-11-21 02:56:15+00:00,YuxinZhaozyx,https://github.com/excalidraw/excalidraw/issues/10376,Missing zh_CN translation of searching related UI
Pull request,2025-11-21 11:40:18+00:00,edo-mike-trotta,https://github.com/excalidraw/excalidraw/pull/10377,"add new font, add spray pattern"
Pull request,2025-11-21 15:13:00+00:00,edo-mike-trotta,https://github.com/excalidraw/excalidraw/pull/10378,gemini-3-task-XL-3d-mode
Pull request,2025-11-21 20:05:16+00:00,auslogyc,https://github.com/excalidraw/excalidraw/pull/10379,Fix/issue 9710 rtl
Pull request,2025-11-22 02:06:59+00:00,kauan-campos,https://github.com/excalidraw/excalidraw/pull/10380,fix: memory leak #10348
Issue,2025-11-22 05:14:01+00:00,sakina1303,https://github.com/excalidraw/excalidraw/issues/10381,Missing Persian translations in fa-IR.json
Pull request,2025-11-22 05:19:08+00:00,sakina1303,https://github.com/excalidraw/excalidraw/pull/10382,feat(i18n): complete missing Persian (fa-IR) translations and fill empty localization fields
Pull request,2025-11-22 05:24:58+00:00,DanNunes777,https://github.com/excalidraw/excalidraw/pull/10383,Fix/search results stable ordering
Pull request,2025-11-22 08:18:17+00:00,Tanish2207,https://github.com/excalidraw/excalidraw/pull/10384,"fix: while saving to disk, default file name is some older date "
Pull request,2025-11-22 08:22:07+00:00,DevaanshKathuria,https://github.com/excalidraw/excalidraw/pull/10385,Fix: Remove Dark Mode Inversion Filter to Preserve Accurate Canvas & Image Colors
Issue,2025-11-22 13:07:18+00:00,zsviczian,https://github.com/excalidraw/excalidraw/issues/10386,Export to SVG is incorrect for left-cropped and top-cropped images and image corners are rounded
Pull request,2025-11-22 13:47:27+00:00,zsviczian,https://github.com/excalidraw/excalidraw/pull/10387,fix: rounded left and top clipped image export to SVG
Pull request,2025-11-22 14:51:28+00:00,bhuvana-s,https://github.com/excalidraw/excalidraw/pull/10388,Idea #9244
Pull request,2025-11-22 15:11:11+00:00,dwelle,https://github.com/excalidraw/excalidraw/pull/10389,fix: prevent translation of excalidraw container
Commit,2025-11-22 15:16:30+00:00,dwelle,https://github.com/excalidraw/excalidraw/commit/b660478164a9137f6c48893f38671eedab22b83e,fix: prevent translation of excalidraw container (#10389)
Pull request,2025-11-22 19:23:57+00:00,Himanshu197200,https://github.com/excalidraw/excalidraw/pull/10390,Fix: Correct z-index keyboard shortcuts for macOS and Windows/Linux
Pull request,2025-11-22 21:02:24+00:00,Danyccsf,https://github.com/excalidraw/excalidraw/pull/10391,Issue # 9655
Issue,2025-11-22 22:11:50+00:00,sachq,https://github.com/excalidraw/excalidraw/issues/10392,Background-color picker becomes invisible when its swatch matches the canvas color
Pull request,2025-11-23 11:16:02+00:00,paperbenni,https://github.com/excalidraw/excalidraw/pull/10393,feat: Add keyboard shortcuts for changing arrowheads
Pull request,2025-11-23 12:02:54+00:00,SamP231004,https://github.com/excalidraw/excalidraw/pull/10394,fix: correct tablet breakpoint for compact styles panel (#10360)
Pull request,2025-11-23 15:11:52+00:00,Cyber-Vansh,https://github.com/excalidraw/excalidraw/pull/10395,Fix: Invisible Background-Color Swatch in Compact Toolbar (#10392)
Pull request,2025-11-23 22:40:19+00:00,Danyccsf,https://github.com/excalidraw/excalidraw/pull/10396,fix: use latest args in throttleRAF (fixes #9655) – add co-authors
Pull request,2025-11-24 07:48:06+00:00,7t64vu3ge,https://github.com/excalidraw/excalidraw/pull/10397,Fix bounds for line and quadratic curve (#10366)
Issue,2025-11-24 09:27:32+00:00,stratself,https://github.com/excalidraw/excalidraw/issues/10398,Support running unprivileged Docker with limited capabilities
Pull request,2025-11-24 19:01:51+00:00,Aniruddh-14,https://github.com/excalidraw/excalidraw/pull/10399,fix: update Marathi translations
Commit,2025-11-24 22:34:42+00:00,zsviczian,https://github.com/excalidraw/excalidraw/commit/d7e63e66a78f513d5bdbb292b22863ad866a4651,fix: rounded left and top clipped image export to SVG (#10387)
Pull request,2025-11-25 03:14:37+00:00,mod-io,https://github.com/excalidraw/excalidraw/pull/10400,feat: hex input color validation #9527
Pull request,2025-11-25 07:22:00+00:00,atharvgit2005,https://github.com/excalidraw/excalidraw/pull/10401,Refactor: Move isBounds logic into dedicated module
Commit,2025-11-25 14:46:02+00:00,mtolmacs,https://github.com/excalidraw/excalidraw/commit/c141960ada4869ee6a3bb8a665e75c0c18ad7f19,feat: Non-elbow arrow snapping and behavior changes (#9670)
Pull request,2025-11-25 14:59:10+00:00,Venkatachla,https://github.com/excalidraw/excalidraw/pull/10402,Adding shortcuts to text wrp containner and fixed some small bugs
Pull request,2025-11-25 21:28:01+00:00,mtolmacs,https://github.com/excalidraw/excalidraw/pull/10403,fix: Corner jumping & hints
Issue,2025-11-25 22:41:23+00:00,w-barros,https://github.com/excalidraw/excalidraw/issues/10404,"Collab.tsx:1006 FirebaseError: The value of property ""ciphertext"" is longer than 1048487 bytes."
Issue,2025-11-26 06:20:31+00:00,Sahil5H4RD4,https://github.com/excalidraw/excalidraw/issues/10405,Lint error: MetaProperty could not be resolved
Pull request,2025-11-26 06:21:19+00:00,Sahil5H4RD4,https://github.com/excalidraw/excalidraw/pull/10406,fix: resolve MetaProperty lint error by extracting import.meta.env to constants
Issue,2025-11-26 10:17:48+00:00,mstuyven,https://github.com/excalidraw/excalidraw/issues/10407,New snapping behavior breaks existing diagrams
Commit,2025-11-26 11:00:33+00:00,mtolmacs,https://github.com/excalidraw/excalidraw/commit/019ce4c52cc82fe654d7e92c2672843c8ff57c96,fix: Corner jumping & hints (#10403)
Issue,2025-11-26 13:58:59+00:00,moe18,https://github.com/excalidraw/excalidraw/issues/10409,Deep-ML Web Embed URL Whitelist Request
Pull request,2025-11-26 15:13:09+00:00,dwelle,https://github.com/excalidraw/excalidraw/pull/10410,fix: do not finalize multi-point lines if binding not enabled
Pull request,2025-11-26 19:49:31+00:00,giordanolucas,https://github.com/excalidraw/excalidraw/pull/10411,feat: Technical drawing mode (Suggestion + Implementation)
Commit,2025-11-26 20:02:36+00:00,dwelle,https://github.com/excalidraw/excalidraw/commit/210dc85c8cd43da0f78b84b59b650de7db1a00a8,fix: do not finalize multi-point lines if binding not enabled (#10410)
Issue,2025-11-27 09:20:47+00:00,DarkblooM-IO,https://github.com/excalidraw/excalidraw/issues/10412,Straight lines are not added to undo history
Pull request,2025-11-27 11:10:41+00:00,addy-2709genius,https://github.com/excalidraw/excalidraw/pull/10413,fix: allow manually created .excalidraw files without type field
Pull request,2025-11-27 11:17:55+00:00,addy-2709genius,https://github.com/excalidraw/excalidraw/pull/10414,fix: allow manually created .excalidraw files without type field
Pull request,2025-11-27 12:51:35+00:00,Lucas6412f1,https://github.com/excalidraw/excalidraw/pull/10415,Enhance product showcase description in README
Issue,2025-11-27 13:46:41+00:00,lynxforge,https://github.com/excalidraw/excalidraw/issues/10416,Feature Request: Add pointer cursor for the Pen-Tool
Issue,2025-11-27 16:19:27+00:00,MrThePatcher,https://github.com/excalidraw/excalidraw/issues/10417,Error: spawn xdg-open ENOENT when running yarn start on Headless Linux Server
Pull request,2025-11-28 03:06:50+00:00,ryan-di,https://github.com/excalidraw/excalidraw/pull/10418,fix: add constants and side methods to packages
Issue,2025-11-28 10:49:58+00:00,saradhihanuma-droid,https://github.com/excalidraw/excalidraw/issues/10419,the tool is not following the prompt.
Pull request,2025-11-29 05:29:01+00:00,Saniya777-byte,https://github.com/excalidraw/excalidraw/pull/10420,Add Urdu (ur-PK) language support
Pull request,2025-11-29 08:15:52+00:00,milanchahar,https://github.com/excalidraw/excalidraw/pull/10421,fix: change cursor to default for pen tool
Issue,2025-11-29 12:00:52+00:00,zsviczian,https://github.com/excalidraw/excalidraw/issues/10422,Frame binding highlight and binding highlight for elements inside a frame are displayed incorrectly when appState.Scroll and/or Zoom are not default
Pull request,2025-11-29 12:16:47+00:00,zsviczian,https://github.com/excalidraw/excalidraw/pull/10423,fix: Frame and Frame Element binding highlight offset
Pull request,2025-11-29 18:24:57+00:00,Dacx-llm,https://github.com/excalidraw/excalidraw/pull/10424,fix: resolve Prettier/ESLint formatting issues in App.tsx and api-handler.ts
Pull request,2025-11-30 03:55:43+00:00,eolesinski,https://github.com/excalidraw/excalidraw/pull/10425,style: remove blue lines
Pull request,2025-11-30 06:49:49+00:00,anilkumar1234,https://github.com/excalidraw/excalidraw/pull/10426,Init version
Issue,2025-12-01 04:45:54+00:00,hautvfami,https://github.com/excalidraw/excalidraw/issues/10427,Whitelist: Please add google slide publish site to white board
Pull request,2025-12-01 04:55:52+00:00,wcr-karan,https://github.com/excalidraw/excalidraw/pull/10428,feat: localize search UI and frame titles
Pull request,2025-12-01 10:50:43+00:00,zsviczian,https://github.com/excalidraw/excalidraw/pull/10429,update with master
Commit,2025-12-01 11:08:55+00:00,zsviczian,https://github.com/excalidraw/excalidraw/commit/7497a082700396608054747ede53ca7c74f1042e,fix: Frame and Frame Element binding highlight offset (#10423)
Commit,2025-12-01 11:10:13+00:00,excalibot,https://github.com/excalidraw/excalidraw/commit/51ad8951d4d804190647eafcb448d58516047ade,chore: Update translations from Crowdin (#10316)
Commit,2025-12-01 11:15:29+00:00,eolesinski,https://github.com/excalidraw/excalidraw/commit/06f01e11f824062b54088904fa5a8c7a6bfe0538,style: remove blue lines (#10425)
Pull request,2025-12-01 14:30:54+00:00,AyushCoder9,https://github.com/excalidraw/excalidraw/pull/10430,feat: whitelist Google Slides publish sites
Pull request,2025-12-01 16:06:22+00:00,dwelle,https://github.com/excalidraw/excalidraw/pull/10431,chore: bump typescript@5.9.3
Pull request,2025-12-01 16:29:21+00:00,mtolmacs,https://github.com/excalidraw/excalidraw/pull/10432,fix: Ctrl/Alt elbow arrow jumps
Commit,2025-12-01 17:06:08+00:00,mtolmacs,https://github.com/excalidraw/excalidraw/commit/451bcac0b7b99f4fafca82adaad37f0b4aeb310e,fix: Ctrl/Alt elbow arrow jumps (#10432)
Pull request,2025-12-01 17:15:17+00:00,apheksha,https://github.com/excalidraw/excalidraw/pull/10433,feat: add bringToMiddle layer action
Pull request,2025-12-01 17:30:46+00:00,AyushCoder9,https://github.com/excalidraw/excalidraw/pull/10434,chore: fix typo in Trans.test.tsx
Pull request,2025-12-01 17:34:48+00:00,AyushCoder9,https://github.com/excalidraw/excalidraw/pull/10435,refactor: explicit invariant checks in duplicateSelection
Pull request,2025-12-01 17:57:51+00:00,apheksha,https://github.com/excalidraw/excalidraw/pull/10436,Feat/layering bring to middle
Pull request,2025-12-01 18:15:55+00:00,apheksha,https://github.com/excalidraw/excalidraw/pull/10437,feat: show selected element count in footer
Pull request,2025-12-01 18:47:07+00:00,apheksha,https://github.com/excalidraw/excalidraw/pull/10438,feat: add duplicate-in-place action
Commit,2025-12-01 21:37:42+00:00,dwelle,https://github.com/excalidraw/excalidraw/commit/d080833f4d359e808cd12acdc7dd1c9187c956e5,chore: bump typescript@5.9.3 (#10431)
Pull request,2025-12-02 00:22:34+00:00,jsoref,https://github.com/excalidraw/excalidraw/pull/10439,chore: Update actions
Pull request,2025-12-02 03:59:26+00:00,4iKZ,https://github.com/excalidraw/excalidraw/pull/10440,Add PDF export functionality
Pull request,2025-12-02 13:07:17+00:00,apheksha,https://github.com/excalidraw/excalidraw/pull/10441,Feat/mouse coordinates
Pull request,2025-12-02 13:46:56+00:00,bibixx,https://github.com/excalidraw/excalidraw/pull/10442,Fix send to front/back shortcuts
Pull request,2025-12-02 14:53:09+00:00,anya-xcode,https://github.com/excalidraw/excalidraw/pull/10443,Replace unsafe innerHTML with proper DOM API in replaceChildren polyfill
Pull request,2025-12-02 15:41:48+00:00,KirtiGautam620,https://github.com/excalidraw/excalidraw/pull/10444,added missing dependencies and improved the configuration
Pull request,2025-12-02 16:20:40+00:00,Monisha-204,https://github.com/excalidraw/excalidraw/pull/10445,feat: Add JPG export
Issue,2025-12-02 21:51:08+00:00,bencodeorg,https://github.com/excalidraw/excalidraw/issues/10446,React 17 compatibility for `@excalidraw/excalidraw` 0.18.0?
Pull request,2025-12-02 22:48:42+00:00,Rkdroid,https://github.com/excalidraw/excalidraw/pull/10447,feat(layers): add layers system for organizing elements
Issue,2025-12-02 23:30:51+00:00,jurandirsva-art,https://github.com/excalidraw/excalidraw/issues/10448,app pericia grafotecnica
Issue,2025-12-03 01:21:42+00:00,saundarya004,https://github.com/excalidraw/excalidraw/issues/10449,Can't see submitted designs
Pull request,2025-12-03 07:58:42+00:00,VISHNU7KASIREDDY,https://github.com/excalidraw/excalidraw/pull/10450,feat: add toast notification when no shape tool is active
Pull request,2025-12-03 11:19:51+00:00,mtolmacs,https://github.com/excalidraw/excalidraw/pull/10451,fix: Box selection of arrows
Issue,2025-12-03 11:29:12+00:00,JonnyBe2001,https://github.com/excalidraw/excalidraw/issues/10452,Add Danish language (da-DK) to language list
Commit,2025-12-03 11:47:30+00:00,mtolmacs,https://github.com/excalidraw/excalidraw/commit/8d18078f5c719166c30eb373312c130664a56ffe,fix: Box selection of arrows (#10451)
Pull request,2025-12-03 14:22:43+00:00,excalibot,https://github.com/excalidraw/excalidraw/pull/10453,chore: Update translations from Crowdin
Pull request,2025-12-03 14:31:44+00:00,Divyapahuja31,https://github.com/excalidraw/excalidraw/pull/10454,fix: update Korean (ko-KR) locale
Issue,2025-12-03 14:40:17+00:00,hpvd,https://github.com/excalidraw/excalidraw/issues/10455,Christmas release
Pull request,2025-12-03 14:49:10+00:00,Divyapahuja31,https://github.com/excalidraw/excalidraw/pull/10456,feat: add dotted canvas background 
Issue,2025-12-03 17:49:15+00:00,MAHEK-ops,https://github.com/excalidraw/excalidraw/issues/10457,Feature Request: Add Color Picker UI for Canvas Background
Pull request,2025-12-04 05:41:33+00:00,MAHEK-ops,https://github.com/excalidraw/excalidraw/pull/10458,feature: add inline color picker next to hex code in canvas background settings
Pull request,2025-12-04 06:36:09+00:00,Cubesz,https://github.com/excalidraw/excalidraw/pull/10459,feat: Add visual color picker component.
Pull request,2025-12-04 11:42:59+00:00,JonnyBe2001,https://github.com/excalidraw/excalidraw/pull/10460,Jonnybe2001/spellcheck
Pull request,2025-12-04 11:58:23+00:00,JonnyBe2001,https://github.com/excalidraw/excalidraw/pull/10461,perf: Enable browser spellcheck for text fields by default
Pull request,2025-12-04 13:03:25+00:00,agdoko,https://github.com/excalidraw/excalidraw/pull/10462,feat: Add variable corner radius slider for rectangles
Pull request,2025-12-04 19:35:22+00:00,calebs62,https://github.com/excalidraw/excalidraw/pull/10463,feat(font): add fine-grained font size control (#10096)
Pull request,2025-12-05 00:29:57+00:00,Cubesz,https://github.com/excalidraw/excalidraw/pull/10464,Fix: resolve issue #6953 (Arabic translations and improvements)
Issue,2025-12-05 08:36:24+00:00,SamikshyaNanda4,https://github.com/excalidraw/excalidraw/issues/10465,FeatureRequest: A tab Area that goes on to bring the  index section
Pull request,2025-12-05 13:21:06+00:00,mtolmacs,https://github.com/excalidraw/excalidraw/pull/10467,fix: Line element angle snapping
Issue,2025-12-05 17:43:20+00:00,zsviczian,https://github.com/excalidraw/excalidraw/issues/10468,Shift angle snap is disabled when pointer is over another element
Pull request,2025-12-05 20:51:26+00:00,Himanshugulhane27,https://github.com/excalidraw/excalidraw/pull/10469,🧭 Index Section: Navigation & State Management Improvements
Issue,2025-12-05 23:12:37+00:00,ansonl,https://github.com/excalidraw/excalidraw/issues/10470,Deleting an image and uploading a new image shows a placeholder image for other viewers
Issue,2025-12-05 23:42:55+00:00,cschellenberger,https://github.com/excalidraw/excalidraw/issues/10471,Adding Camunda Embed Capabilities
Pull request,2025-12-06 09:14:28+00:00,Lakshay942234,https://github.com/excalidraw/excalidraw/pull/10472,fix: retry failed image fetches to resolve race condition
Pull request,2025-12-06 12:47:23+00:00,Moumirrai,https://github.com/excalidraw/excalidraw/pull/10473,fix: shortcut to save file while editing frame name
Pull request,2025-12-06 17:11:04+00:00,Abhishek6546,https://github.com/excalidraw/excalidraw/pull/10474,fix: improve cursor precision with stroke width
Pull request,2025-12-07 03:07:08+00:00,BigBoa19,https://github.com/excalidraw/excalidraw/pull/10475,feat: implement custom library support
Issue,2025-12-07 10:59:05+00:00,vual,https://github.com/excalidraw/excalidraw/issues/10476,"how to hide the button on the top right, when element type is embeddable ?"
Issue,2025-12-07 13:29:06+00:00,AHannan-rgb,https://github.com/excalidraw/excalidraw/issues/10477,শুরা ফাতিহা
Pull request,2025-12-07 20:25:06+00:00,mtolmacs,https://github.com/excalidraw/excalidraw/pull/10479,fix: Turn into inside bind when angle locked
Issue,2025-12-08 06:03:06+00:00,imanzaker,https://github.com/excalidraw/excalidraw/issues/10480,frame snapping with non existing objects
Pull request,2025-12-08 09:50:21+00:00,mtolmacs,https://github.com/excalidraw/excalidraw/pull/10481,fix: More robust mobile and tablet detection
Pull request,2025-12-09 12:02:42+00:00,prodiggy8,https://github.com/excalidraw/excalidraw/pull/10482,Working version without drag/drop
Pull request,2025-12-09 12:03:10+00:00,PiaKuehnle,https://github.com/excalidraw/excalidraw/pull/10483,feat: Restrict Canvas Panning to Directions
Issue,2025-12-09 13:16:07+00:00,raoraoraoraorao,https://github.com/excalidraw/excalidraw/issues/10484,Can I use Voice Hangout with the API?
Pull request,2025-12-09 14:06:53+00:00,hkhuzaei,https://github.com/excalidraw/excalidraw/pull/10485,feat: waypoints (#10314)
Pull request,2025-12-09 15:00:57+00:00,hkhuzaei,https://github.com/excalidraw/excalidraw/pull/10486,Fix/yarn
Issue,2025-12-09 17:20:02+00:00,eimxoliveira-jpg,https://github.com/excalidraw/excalidraw/issues/10487,maxi oliveira
Commit,2025-12-09 18:36:28+00:00,mtolmacs,https://github.com/excalidraw/excalidraw/commit/bf4c65f4835f5ce13d0c807797b849ad5d6b0121,fix: Turn into inside bind when angle locked (#10479)
Issue,2025-12-10 05:39:47+00:00,liuyuanchengweb,https://github.com/excalidraw/excalidraw/issues/10488,"When drawing multiple lines, there is a break in this current version."
Issue,2025-12-10 08:53:00+00:00,zsviczian,https://github.com/excalidraw/excalidraw/issues/10489,Erratic arrow behavior in edge cases when snapping with SHIFT
Issue,2025-12-10 09:42:16+00:00,tobwa-on,https://github.com/excalidraw/excalidraw/issues/10490,Missing aria-labels for share and visualDebug
Pull request,2025-12-10 09:45:15+00:00,tobwa-on,https://github.com/excalidraw/excalidraw/pull/10491,fix: aria-label for share button 
Pull request,2025-12-10 09:49:27+00:00,on23jk,https://github.com/excalidraw/excalidraw/pull/10492,fix: added aria-label for visual debug main menu button
Issue,2025-12-10 11:14:00+00:00,aarondinio,https://github.com/excalidraw/excalidraw/issues/10493,Tablet Dark Mode: Pictures inverting color
Issue,2025-12-10 13:30:47+00:00,eliakuestner,https://github.com/excalidraw/excalidraw/issues/10494,Christmas Event
Pull request,2025-12-10 13:35:57+00:00,eliakuestner,https://github.com/excalidraw/excalidraw/pull/10495,feat: Christmas Event - Santa hat for HelpButton
Pull request,2025-12-10 13:37:18+00:00,edo-mike-trotta,https://github.com/excalidraw/excalidraw/pull/10496,add xxl font
Pull request,2025-12-10 14:53:34+00:00,agdoko,https://github.com/excalidraw/excalidraw/pull/10497,feat: Add variable corner radius slider for rectangles
Issue,2025-12-10 17:06:24+00:00,web907,https://github.com/excalidraw/excalidraw/issues/10498,Please add to whitelist so I can embed
Pull request,2025-12-11 11:51:41+00:00,ulixz75,https://github.com/excalidraw/excalidraw/pull/10499,Feat/configure custom firebase 17106799900254371796
Pull request,2025-12-11 20:19:53+00:00,mtolmacs,https://github.com/excalidraw/excalidraw/pull/10501,fix: Angle snapping around bindable objects incorrectly resolves
Issue,2025-12-12 14:55:03+00:00,VishishtaDilsara,https://github.com/excalidraw/excalidraw/issues/10502,Feature Request: Adding an option to change the laser pointer color
Pull request,2025-12-13 14:12:13+00:00,zhannazamsha,https://github.com/excalidraw/excalidraw/pull/10504,double arrow line implementation with speckit
Pull request,2025-12-13 16:30:58+00:00,rohitmane-dev,https://github.com/excalidraw/excalidraw/pull/10505,fix: allow embedding from app.botmockups.com
Issue,2025-12-14 02:09:08+00:00,dandaniel5,https://github.com/excalidraw/excalidraw/issues/10506,add more text size like 2xl .. 10xl etc
Issue,2025-12-14 03:23:27+00:00,dandaniel5,https://github.com/excalidraw/excalidraw/issues/10507,how can i add some interaction ?
Issue,2025-12-14 08:04:08+00:00,AE-SAY-WAY,https://github.com/excalidraw/excalidraw/issues/10508,[FEATURE REQUEST] : Better arrow styling
Issue,2025-12-14 08:05:50+00:00,AE-SAY-WAY,https://github.com/excalidraw/excalidraw/issues/10509,[FEATURE REQUEST] : Better arrow curvuture
Issue,2025-12-14 10:26:07+00:00,JackeyCloud,https://github.com/excalidraw/excalidraw/issues/10510,申请网址白名单
Pull request,2025-12-14 12:04:47+00:00,ratondelcongo,https://github.com/excalidraw/excalidraw/pull/10511,docs:  Update link to DEFAULT UI OPTIONS in props.mdx
Issue,2025-12-14 13:24:58+00:00,jas011,https://github.com/excalidraw/excalidraw/issues/10512,Renderer performance degrades due to full scene traversal on viewport updates
Pull request,2025-12-14 13:27:10+00:00,jas011,https://github.com/excalidraw/excalidraw/pull/10513,Avoid full scene traversal in renderer on viewport updates
Pull request,2025-12-14 13:31:23+00:00,jas011,https://github.com/excalidraw/excalidraw/pull/10514,Avoid full scene traversal in renderer on viewport updates
Pull request,2025-12-14 15:43:51+00:00,AarishMansur,https://github.com/excalidraw/excalidraw/pull/10515,Fix : Fixed the Loosing text focus while switching tabs 
Pull request,2025-12-14 16:52:22+00:00,clebermasters,https://github.com/excalidraw/excalidraw/pull/10516,Android
Issue,2025-12-15 03:43:47+00:00,biaohu48-ops,https://github.com/excalidraw/excalidraw/issues/10517,申请网址白名单
Issue,2025-12-15 04:16:27+00:00,SpicyRicecaker,https://github.com/excalidraw/excalidraw/issues/10518,Grid mode shortcut too hard to reach
Pull request,2025-12-15 04:16:50+00:00,SpicyRicecaker,https://github.com/excalidraw/excalidraw/pull/10519,remap grid mode to `CtrlOrCmd+``
Commit,2025-12-15 09:49:46+00:00,mtolmacs,https://github.com/excalidraw/excalidraw/commit/f06484c6ab72ce7c399f0cf73cda46b3fc7b82ab,fix: Angle snapping around bindable objects incorrectly resolves (#10501)
Issue,2025-12-15 16:48:40+00:00,Timoniche,https://github.com/excalidraw/excalidraw/issues/10520,bug storing and editing the scene
Pull request,2025-12-15 20:11:11+00:00,clebermasters,https://github.com/excalidraw/excalidraw/pull/10521,Ai features
Pull request,2025-12-15 20:13:10+00:00,DevanshiGupta15,https://github.com/excalidraw/excalidraw/pull/10522,need to update
Issue,2025-12-15 20:52:49+00:00,iemafzalhassan,https://github.com/excalidraw/excalidraw/issues/10523,Google drive integrations:
Pull request,2025-12-16 00:22:12+00:00,iemafzalhassan,https://github.com/excalidraw/excalidraw/pull/10524,feat: Google Drive Integration for Multi-Board Management
Issue,2025-12-16 11:20:54+00:00,Mzulliev,https://github.com/excalidraw/excalidraw/issues/10525,Online interaction
Issue,2025-12-16 11:35:55+00:00,busse-lgtm,https://github.com/excalidraw/excalidraw/issues/10526,ANES
Issue,2025-12-16 11:41:24+00:00,busse-lgtm,https://github.com/excalidraw/excalidraw/issues/10527,ANES Url.
Issue,2025-12-16 16:46:40+00:00,kaique-lisboa,https://github.com/excalidraw/excalidraw/issues/10528,Regression on examples/with-script-in-browser
Pull request,2025-12-16 17:13:31+00:00,hgbytes,https://github.com/excalidraw/excalidraw/pull/10529,docs: fix typos in markdown files
Pull request,2025-12-16 17:42:36+00:00,tamas-excalidraw,https://github.com/excalidraw/excalidraw/pull/10530,feat: TextToDiagram v2
Pull request,2025-12-16 17:59:20+00:00,dwelle,https://github.com/excalidraw/excalidraw/pull/10531,chore: bump node@20 in ci workflows
Commit,2025-12-16 18:08:42+00:00,dwelle,https://github.com/excalidraw/excalidraw/commit/becaabfa0faa4a24bc66b33a1d623634bc169af3,chore: bump node@20 in ci workflows (#10531)
Pull request,2025-12-16 18:10:32+00:00,juliusknorr,https://github.com/excalidraw/excalidraw/pull/10532,feat: Allow to disable library publishing
Issue,2025-12-16 19:21:51+00:00,trvux,https://github.com/excalidraw/excalidraw/issues/10533,Feature Request: Add ability to change text orientation (horizontal/vertical)
Pull request,2025-12-16 19:47:56+00:00,rafi-ghanbari,https://github.com/excalidraw/excalidraw/pull/10534,Fix Persian translations in fa-IR.json
Pull request,2025-12-17 02:51:11+00:00,Lucasbritx,https://github.com/excalidraw/excalidraw/pull/10535,feat: added visual feedback for invalid  color(hex code)
Pull request,2025-12-17 05:02:32+00:00,hgbytes,https://github.com/excalidraw/excalidraw/pull/10536,feat: add “Precision draw (ignore grid)” shortcut to Help dialog
Pull request,2025-12-17 12:49:13+00:00,mtolmacs,https://github.com/excalidraw/excalidraw/pull/10537,fix: Broken bindings during collab
Commit,2025-12-17 15:22:24+00:00,mtolmacs,https://github.com/excalidraw/excalidraw/commit/859207b8bca11149047efdb8b5b5b3cb6cb87e99,fix: Broken bindings during collab (#10537)
Issue,2025-12-18 12:19:17+00:00,ThomasVrancken,https://github.com/excalidraw/excalidraw/issues/10538,Remove arrow binding
Pull request,2025-12-18 19:36:46+00:00,Danyccsf,https://github.com/excalidraw/excalidraw/pull/10539,fix: use latest args in throttleRAF and clean up utility code (fixes #9655)
Issue,2025-12-18 21:18:05+00:00,zsviczian,https://github.com/excalidraw/excalidraw/issues/10540,Regression: Embeddables lost stroke color option in element properties after #9996
Pull request,2025-12-18 21:22:11+00:00,zsviczian,https://github.com/excalidraw/excalidraw/pull/10541,fix: Embeddables lost stroke color option in element properties after #9996
Issue,2025-12-19 09:26:24+00:00,s1lverfish,https://github.com/excalidraw/excalidraw/issues/10542,Context menu paste pastes in image twice
Pull request,2025-12-19 09:56:06+00:00,s1lverfish,https://github.com/excalidraw/excalidraw/pull/10543,fix: Context menu paste adding image twice #10542
Pull request,2025-12-19 10:28:57+00:00,mtolmacs,https://github.com/excalidraw/excalidraw/pull/10544,fix: Circular reference
Issue,2025-12-19 13:34:01+00:00,Ryuno-Ki,https://github.com/excalidraw/excalidraw/issues/10545,Outdated document to createRoot
Issue,2025-12-19 16:43:33+00:00,jandresampaio,https://github.com/excalidraw/excalidraw/issues/10546,SVG files lose definition when zooming in
Issue,2025-12-19 16:50:49+00:00,jandresampaio,https://github.com/excalidraw/excalidraw/issues/10547,Specific SVG image cropped when using addFiles
Commit,2025-12-19 17:23:09+00:00,zsviczian,https://github.com/excalidraw/excalidraw/commit/071b17a2179fa19891f8c20d870d50e8fb65a6b5,fix: Embeddables lost stroke color option in element properties after #9996 (#10541)
Issue,2025-12-20 04:09:32+00:00,wangaili,https://github.com/excalidraw/excalidraw/issues/10548,没有显示项目标题的能力，没有误删恢复的能力
Commit,2025-12-20 05:31:02+00:00,s1lverfish,https://github.com/excalidraw/excalidraw/commit/7cc31ac64a9ec3f9ce5bc3a09cd3716c2eb07370,fix: Context menu paste adding image twice #10542 (#10543)
Issue,2025-12-20 16:04:21+00:00,DexLuthor,https://github.com/excalidraw/excalidraw/issues/10549,⌘ + mouse wheel zooms to an unexpected location instead of the cursor position after focus change
Pull request,2025-12-20 16:25:54+00:00,robtaylor,https://github.com/excalidraw/excalidraw/pull/10550,feat: Add Google Drive integration for save/load
Issue,2025-12-20 20:16:20+00:00,masawik,https://github.com/excalidraw/excalidraw/issues/10551,Action predicate method doesn't work
Issue,2025-12-20 23:15:57+00:00,Hmodyyahya735,https://github.com/excalidraw/excalidraw/issues/10552,Web design 
Pull request,2025-12-21 00:03:27+00:00,masawik,https://github.com/excalidraw/excalidraw/pull/10553,Feat: An action that unbinds from an element all the elements that are snapped to it
Pull request,2025-12-21 19:27:05+00:00,ParsaZa79,https://github.com/excalidraw/excalidraw/pull/10554,fix: render mermaid <br> as multiline
Commit,2025-12-21 21:14:21+00:00,mtolmacs,https://github.com/excalidraw/excalidraw/commit/d87620b23907cef9a119c758124569b5f44991a4,fix: Circular reference (#10544)
Issue,2025-12-22 11:22:22+00:00,spe987-create,https://github.com/excalidraw/excalidraw/issues/10555,How to create finite canvas in Excalidraw?
Pull request,2025-12-22 12:21:39+00:00,gusa4grr,https://github.com/excalidraw/excalidraw/pull/10556,refactor: align point types across codebase (#9297)
Pull request,2025-12-22 16:15:29+00:00,JayadityaGit,https://github.com/excalidraw/excalidraw/pull/10557,feat: add shortcut to clear canvas menu item
Issue,2025-12-22 16:16:29+00:00,JayadityaGit,https://github.com/excalidraw/excalidraw/issues/10558,Add shortcut to Clear Canvas menu item
Pull request,2025-12-22 17:49:27+00:00,sady4850,https://github.com/excalidraw/excalidraw/pull/10559,Canvas chat/merges/up1
Issue,2025-12-23 06:04:03+00:00,selmetwa,https://github.com/excalidraw/excalidraw/issues/10560,exporting as image consistently crashes my computer
Issue,2025-12-23 11:32:56+00:00,imanzaker,https://github.com/excalidraw/excalidraw/issues/10561,selecting multiple points of a line by drawing mouse has been disabled
Issue,2025-12-23 14:42:25+00:00,roadchimp,https://github.com/excalidraw/excalidraw/issues/10562,AI text to diagram rendering
Issue,2025-12-23 17:52:45+00:00,eyupagbulut,https://github.com/excalidraw/excalidraw/issues/10563,sorun
Issue,2025-12-23 17:53:12+00:00,eyupagbulut,https://github.com/excalidraw/excalidraw/issues/10564,sorunlu
Issue,2025-12-23 17:53:35+00:00,eyupagbulut,https://github.com/excalidraw/excalidraw/issues/10565,soruncuk
Issue,2025-12-23 19:19:10+00:00,lolling-rock,https://github.com/excalidraw/excalidraw/issues/10566,"BUG: line tool breaks when ""keep selected tool active after drawing"" is enabled"
Issue,2025-12-23 19:58:17+00:00,SimantaRajSarma,https://github.com/excalidraw/excalidraw/issues/10567,Accidental overwrite with no way to recover
Issue,2025-12-23 20:56:39+00:00,lolling-rock,https://github.com/excalidraw/excalidraw/issues/10568,"BUG: line tool breaks when ""keep selected tool active after drawing"" is enabled (Repost)"
Issue,2025-12-24 01:28:05+00:00,KingJ23341,https://github.com/excalidraw/excalidraw/issues/10569,Allow for Dpaste.com Embeds
Pull request,2025-12-24 02:36:32+00:00,zingxy,https://github.com/excalidraw/excalidraw/pull/10570,chore: remove duplicated line
Issue,2025-12-24 14:19:23+00:00,ruchap24,https://github.com/excalidraw/excalidraw/issues/10571,Feature request ( Export drawings as PDF )
Issue,2025-12-25 12:21:40+00:00,xuegui-cao,https://github.com/excalidraw/excalidraw/issues/10572,The arrow can't correctly snap to the edge of the shape.
Issue,2025-12-26 18:49:07+00:00,ramyselman-dotcom,https://github.com/excalidraw/excalidraw/issues/10573,iuiu
Pull request,2025-12-28 08:18:59+00:00,ChimdumebiNebolisa,https://github.com/excalidraw/excalidraw/pull/10574,fix(search): keep canvas search results order stable (#9503)
Issue,2025-12-28 15:44:41+00:00,danielhadar-at-investing,https://github.com/excalidraw/excalidraw/issues/10575,Arrow: Holding Shift doesn't snap to 0/90/180 anymore
Issue,2025-12-28 16:31:56+00:00,jhs1965net,https://github.com/excalidraw/excalidraw/issues/10576,Logseq DB
Pull request,2025-12-28 18:24:59+00:00,suyash1567,https://github.com/excalidraw/excalidraw/pull/10577,feat: add option to export drawing as pdf
Commit,2025-12-28 20:53:25+00:00,ryan-di,https://github.com/excalidraw/excalidraw/commit/e95222ed323d45adf2183bae835c9fb6708e7029,fix: add constants and side methods to packages (#10418)
Pull request,2025-12-28 22:15:18+00:00,dwelle,https://github.com/excalidraw/excalidraw/pull/10578,feat: stop using CSS filters for dark mode (static canvas)
Pull request,2025-12-29 06:42:10+00:00,ryan-di,https://github.com/excalidraw/excalidraw/pull/10579,fix: to support wrapping with autoResize and given dimensions
Issue,2025-12-30 12:31:30+00:00,PiaKuehnle,https://github.com/excalidraw/excalidraw/issues/10581,Feature Request: Option to conduct surveys in collaboration mode
Pull request,2025-12-31 09:13:50+00:00,wildMio,https://github.com/excalidraw/excalidraw/pull/10582,fix: incorrect position after zoomToFit on mobile viewport
Pull request,2025-12-31 11:06:48+00:00,Parth050812,https://github.com/excalidraw/excalidraw/pull/10583,fix: arrow snapping to the edge of the shape.
Pull request,2025-12-31 13:26:06+00:00,Merlin-Paule,https://github.com/excalidraw/excalidraw/pull/10584,Update README figcaption.md
Issue,2025-12-31 13:44:19+00:00,DexLuthor,https://github.com/excalidraw/excalidraw/issues/10585,"Editing text, which is not within my screen"
Issue,2025-12-31 13:55:40+00:00,mrayn,https://github.com/excalidraw/excalidraw/issues/10586,QR code to share link to access whiteboard
Pull request,2026-01-01 13:50:14+00:00,Starz099,https://github.com/excalidraw/excalidraw/pull/10587,feat: added an option to change the laser pointer color
Pull request,2026-01-01 22:30:35+00:00,Kiizon,https://github.com/excalidraw/excalidraw/pull/10588,feat: add qr code to live session share dialog.
Issue,2026-01-02 01:43:00+00:00,jdmlvwr,https://github.com/excalidraw/excalidraw/issues/10589,play video to loop.
Commit,2026-01-02 10:08:27+00:00,Kiizon,https://github.com/excalidraw/excalidraw/commit/0586fc138cc3e1ed893d5204af78a13a352fffc6,feat: add qr code to live session share dialog. (#10588)
Pull request,2026-01-02 12:30:32+00:00,Vrund4591,https://github.com/excalidraw/excalidraw/pull/10590,fix: elbow arrow ALT+drag duplication binding issue (#8435)
Issue,2026-01-02 18:36:35+00:00,Kiizon,https://github.com/excalidraw/excalidraw/issues/10591,support apple pencil double-tap to switch tools
Pull request,2026-01-03 06:40:36+00:00,AbdulRehman-18,https://github.com/excalidraw/excalidraw/pull/10592,fix: implement live text preview functionality for off-screen text editing
Issue,2026-01-03 07:57:26+00:00,aghangurde,https://github.com/excalidraw/excalidraw/issues/10593,Sharp corners on elbowed arrows
Issue,2026-01-04 09:46:48+00:00,ufresh2013,https://github.com/excalidraw/excalidraw/issues/10594,Text be cut and flatten
Issue,2026-01-04 10:11:25+00:00,Marten-Mrfc,https://github.com/excalidraw/excalidraw/issues/10595,Excalidraw+ PWA / Ability to download
Issue,2026-01-04 12:13:40+00:00,vedant2413,https://github.com/excalidraw/excalidraw/issues/10596,My ai have issue to analys images
Pull request,2026-01-04 13:27:57+00:00,dwelle,https://github.com/excalidraw/excalidraw/pull/10597,fix: reconciliation of server updates & refactor restore
Commit,2026-01-04 14:13:38+00:00,dwelle,https://github.com/excalidraw/excalidraw/commit/6c908553a9cbd2e50bfabc49bc6045c5ba97d702,fix: reconciliation of server updates & refactor restore (#10597)
Commit,2026-01-04 14:15:46+00:00,excalibot,https://github.com/excalidraw/excalidraw/commit/b5fc873323e16f181860a4e731c731b4e40badd1,chore: Update translations from Crowdin (#10453)
Commit,2026-01-04 14:16:35+00:00,dwelle,https://github.com/excalidraw/excalidraw/commit/63e1148280163a36326b7efb5fdfeefebabdb3e4,feat: stop using CSS filters for dark mode (static canvas) (#10578)
Pull request,2026-01-04 15:47:43+00:00,excalibot,https://github.com/excalidraw/excalidraw/pull/10598,chore: Update translations from Crowdin
Issue,2026-01-04 15:55:31+00:00,olafsulich,https://github.com/excalidraw/excalidraw/issues/10599,Broken grid line color in dark mode
Pull request,2026-01-04 16:45:19+00:00,dwelle,https://github.com/excalidraw/excalidraw/pull/10600,fix: grid color in dark mode
Commit,2026-01-04 16:51:53+00:00,dwelle,https://github.com/excalidraw/excalidraw/commit/c158187f20e9eb60c7b0dd5256f0030594883867,fix: grid color in dark mode (#10600)
Pull request,2026-01-05 06:44:15+00:00,samiran634,https://github.com/excalidraw/excalidraw/pull/10601,feat: Export drawings as pdf
Issue,2026-01-05 09:01:24+00:00,j-o-sh,https://github.com/excalidraw/excalidraw/issues/10602,Cannot apply a color to imported svg's anymore?
Issue,2026-01-05 09:51:24+00:00,ogkommunikation,https://github.com/excalidraw/excalidraw/issues/10603,failed to install excalidraw
Issue,2026-01-05 12:20:16+00:00,mavam,https://github.com/excalidraw/excalidraw/issues/10604,exportToSvg in Node.js: font-face CSS transformation fails with 'Cannot read properties of undefined'
Issue,2026-01-05 14:55:31+00:00,dlukic-sudo,https://github.com/excalidraw/excalidraw/issues/10606,D2000
Issue,2026-01-05 22:20:34+00:00,ecaglar,https://github.com/excalidraw/excalidraw/issues/10607,SVG export not working: Exports WebP image (RIFF data) instead of vecot SVG
Issue,2026-01-06 01:53:09+00:00,ufresh2013,https://github.com/excalidraw/excalidraw/issues/10608,Arrow has a break in some place
Issue,2026-01-06 10:32:50+00:00,PATILYASHH,https://github.com/excalidraw/excalidraw/issues/10609,Enable zoom in/out using mouse wheel while pressing the middle mouse button
Pull request,2026-01-06 10:33:42+00:00,dwelle,https://github.com/excalidraw/excalidraw/pull/10610,fix: sentry CI worfklow
Commit,2026-01-06 10:39:45+00:00,dwelle,https://github.com/excalidraw/excalidraw/commit/87faa5d3da055ea22c6bce261ee88087bf4cca0e,fix: sentry CI worfklow (#10610)
Pull request,2026-01-06 12:09:34+00:00,mtolmacs,https://github.com/excalidraw/excalidraw/pull/10611,feat(editor): visualize binding midpoints + support for simple arrows
Pull request,2026-01-06 15:15:15+00:00,obaidregens,https://github.com/excalidraw/excalidraw/pull/10612,very small PR (20 lines?): better filenames that include the text selected
Pull request,2026-01-06 18:10:36+00:00,mtolmacs,https://github.com/excalidraw/excalidraw/pull/10613,feat: Focus indicator
Pull request,2026-01-07 10:06:08+00:00,abhijithwinddaa,https://github.com/excalidraw/excalidraw/pull/10614,fix: display error message for invalid hex color codes (#9527)
Pull request,2026-01-07 10:09:39+00:00,abhijithwinddaa,https://github.com/excalidraw/excalidraw/pull/10615,fix: CTRL+S now works while editing text
Pull request,2026-01-07 10:10:50+00:00,abhijithwinddaa,https://github.com/excalidraw/excalidraw/pull/10616,fix: notify user when shape tool is deactivated with ESC
Pull request,2026-01-07 11:02:52+00:00,mtolmacs,https://github.com/excalidraw/excalidraw/pull/10617,feat: move visualdebug to utils and introduce volume bindable visualization
Pull request,2026-01-07 11:39:02+00:00,dwelle,https://github.com/excalidraw/excalidraw/pull/10618,fix: update wysiwyg color on theme change
Commit,2026-01-07 11:55:33+00:00,dwelle,https://github.com/excalidraw/excalidraw/commit/cc6c29c0b9298653301a0d18b9c6511730e0b480,fix: update wysiwyg color on theme change (#10618)
Pull request,2026-01-07 15:30:46+00:00,PATILYASHH,https://github.com/excalidraw/excalidraw/pull/10619,enhancement: Enabled zoom in/out using mouse wheel while pressing the  middle mouse button
Issue,2026-01-07 15:57:26+00:00,cschellenberger,https://github.com/excalidraw/excalidraw/issues/10620,Enable `https://app.powerbi.com/reportEmbed` URLs for Web Embeds
Pull request,2026-01-07 16:28:13+00:00,abhijithwinddaa,https://github.com/excalidraw/excalidraw/pull/10621,feat: add grid background style options (lines/dots) (#6773)
Pull request,2026-01-07 17:57:41+00:00,sandeep-singhDEV,https://github.com/excalidraw/excalidraw/pull/10622,Create CODE_OF_CONDUCT.md
Pull request,2026-01-08 04:56:38+00:00,PATILYASHH,https://github.com/excalidraw/excalidraw/pull/10623,feat: zoom with wheel when holding MMB
Issue,2026-01-08 08:44:05+00:00,Guiguzi168,https://github.com/excalidraw/excalidraw/issues/10624,"docker compose up启动时,会报这个问题"
Pull request,2026-01-08 12:20:18+00:00,SIJEYUSES,https://github.com/excalidraw/excalidraw/pull/10625,feat: Add ChatCanvas UI Shell with three-column layout
Pull request,2026-01-08 12:22:06+00:00,shlrk,https://github.com/excalidraw/excalidraw/pull/10626,Typos in integration.mdx
Pull request,2026-01-08 13:14:18+00:00,SIJEYUSES,https://github.com/excalidraw/excalidraw/pull/10627,Feature/electron desktop
Issue,2026-01-08 18:45:26+00:00,dwelle,https://github.com/excalidraw/excalidraw/issues/10628,image crop area cannot be moved
Issue,2026-01-09 01:43:21+00:00,YifeiDevs,https://github.com/excalidraw/excalidraw/issues/10629,"[Bug] Editor stuck on ""Loading..."" in Antigravity"
Pull request,2026-01-09 02:22:11+00:00,SIJEYUSES,https://github.com/excalidraw/excalidraw/pull/10630,Codex/add lovart chatcanvas inspired UI shell
Pull request,2026-01-09 11:35:38+00:00,kashari,https://github.com/excalidraw/excalidraw/pull/10631,adding extra shapes
Pull request,2026-01-09 15:01:21+00:00,iamthemediagit,https://github.com/excalidraw/excalidraw/pull/10632,Iamthemediagit/excalidraw ai setup
Pull request,2026-01-10 17:01:55+00:00,dwelle,https://github.com/excalidraw/excalidraw/pull/10633,refactor: update SCSS syntax & remove open-color dep
Commit,2026-01-10 17:15:14+00:00,dwelle,https://github.com/excalidraw/excalidraw/commit/b9a255407fc5e68893016de56057614da26df50c,refactor: update SCSS syntax & remove open-color dep (#10633)
Pull request,2026-01-10 22:49:50+00:00,Danyccsf,https://github.com/excalidraw/excalidraw/pull/10634,docs: add Vitest testing and coverage guide for new contributors
Issue,2026-01-11 14:56:38+00:00,nowell-morris,https://github.com/excalidraw/excalidraw/issues/10635,"on Android Tablet, Undo/Redo and Zoom buttons overlapped by navigation bar"
Pull request,2026-01-11 20:49:05+00:00,srivishnuvarthan-07,https://github.com/excalidraw/excalidraw/pull/10636,fix: prevent footer controls from overlapping system nav bar on tablets
Pull request,2026-01-12 00:11:32+00:00,liovic,https://github.com/excalidraw/excalidraw/pull/10637,refactor: eliminate redundant theme state and sequential sync leak
Issue,2026-01-12 03:35:52+00:00,KushalXCoder,https://github.com/excalidraw/excalidraw/issues/10638,bug: circled text gets disappeared
Issue,2026-01-12 05:11:59+00:00,jkw1989,https://github.com/excalidraw/excalidraw/issues/10639,Reloaded page changes layer order
Pull request,2026-01-12 11:01:16+00:00,mtolmacs,https://github.com/excalidraw/excalidraw/pull/10640,fix: Curve endpoint intersection
Commit,2026-01-12 14:02:56+00:00,mtolmacs,https://github.com/excalidraw/excalidraw/commit/da592058467be7da090e5ea763852198040807cd,fix: Curve endpoint intersection (#10640)
Commit,2026-01-12 14:24:50+00:00,mtolmacs,https://github.com/excalidraw/excalidraw/commit/3b97f5a10cc576cbe7863a2e4772203ebb13b606,feat: move visualdebug to utils and introduce volume bindable visualization (#10617)
Issue,2026-01-12 14:45:11+00:00,LayXRain,https://github.com/excalidraw/excalidraw/issues/10641,为什么，光标会消失
Issue,2026-01-12 15:30:23+00:00,dwelle,https://github.com/excalidraw/excalidraw/issues/10642,elbow arrow binding detached on segment move
Pull request,2026-01-12 19:53:37+00:00,codeaashu,https://github.com/excalidraw/excalidraw/pull/10643,fix: handle in-app paste while editing text editor / text elements
Pull request,2026-01-12 21:05:34+00:00,im-anishraj,https://github.com/excalidraw/excalidraw/pull/10644,fix: restore ability to move image crop area (fix #10628)
Issue,2026-01-13 06:13:20+00:00,joyoffice9832-png,https://github.com/excalidraw/excalidraw/issues/10645,Image is broken suddenly
Pull request,2026-01-13 07:07:02+00:00,mtolmacs,https://github.com/excalidraw/excalidraw/pull/10646,fix: Elbow end point disconnect
Pull request,2026-01-13 11:23:08+00:00,zeiktek,https://github.com/excalidraw/excalidraw/pull/10647,Feat : allow moving arrow labels
Pull request,2026-01-13 12:07:40+00:00,mtolmacs,https://github.com/excalidraw/excalidraw/pull/10648,perf: Cache hits in collision detection
Issue,2026-01-13 12:36:27+00:00,fran-plutto,https://github.com/excalidraw/excalidraw/issues/10649,Progress lost after clipboard export error
Issue,2026-01-13 15:08:00+00:00,EternityForest,https://github.com/excalidraw/excalidraw/issues/10650,"When using via Rollup/Vite, it appears to be inlining the fonts and creating a 20MB JS file"
Issue,2026-01-13 20:23:51+00:00,ramyselman-dotcom,https://github.com/excalidraw/excalidraw/issues/10651,EREE
Issue,2026-01-15 08:02:33+00:00,yufuhuang13,https://github.com/excalidraw/excalidraw/issues/10652,"When the tablet is in landscape mode, the color input box crashes when the keyboard is called up."
Commit,2026-01-15 14:27:00+00:00,mtolmacs,https://github.com/excalidraw/excalidraw/commit/6ebf52279dbf5173c3c4bca0af52c4e222acd6b4,fix: Elbow end point disconnect (#10646)
Commit,2026-01-15 18:15:41+00:00,tamas-excalidraw,https://github.com/excalidraw/excalidraw/commit/a0b98a944f1ddedba090b8a6908ff38b9132177e,feat: TextToDiagram v2 (#10530)
Pull request,2026-01-15 18:38:44+00:00,antedebaas,https://github.com/excalidraw/excalidraw/pull/10653,expose port 8080 and allow running unprivileged
Pull request,2026-01-15 18:52:41+00:00,VedantMadane,https://github.com/excalidraw/excalidraw/pull/10654,fix: stabilize search results order during element drag
Pull request,2026-01-15 21:16:46+00:00,rodrigo-valdelomar,https://github.com/excalidraw/excalidraw/pull/10655,Doublearrowhead
Issue,2026-01-15 21:23:08+00:00,PedrelliMath,https://github.com/excalidraw/excalidraw/issues/10656,docker compose up failure
Pull request,2026-01-15 22:07:31+00:00,dwelle,https://github.com/excalidraw/excalidraw/pull/10657,fix: retries and related UX fixes
Issue,2026-01-16 04:11:48+00:00,nalinikotecha,https://github.com/excalidraw/excalidraw/issues/10658,Feature request - PDF annotations
Issue,2026-01-16 06:29:41+00:00,qffuture,https://github.com/excalidraw/excalidraw/issues/10659,Request to add a domain to the embedded webpage whitelist
Issue,2026-01-16 07:38:57+00:00,saintnun150,https://github.com/excalidraw/excalidraw/issues/10660,How to limit internal canvas size?
Commit,2026-01-16 08:52:18+00:00,dwelle,https://github.com/excalidraw/excalidraw/commit/24a69418615196827688d7c495450740ba5c7a40,fix: retries and related UX fixes (#10657)
Issue,2026-01-16 10:04:11+00:00,ashutosh017,https://github.com/excalidraw/excalidraw/issues/10661,Arrow is not making curve inside a closed figure but outside it's working correctly
Pull request,2026-01-16 12:42:34+00:00,dwelle,https://github.com/excalidraw/excalidraw/pull/10662,refactor: change TTD persistence to iDB
Commit,2026-01-16 14:10:00+00:00,dwelle,https://github.com/excalidraw/excalidraw/commit/5a73b9a3634da128ab69778c59af638d1e779fee,refactor: change TTD persistence to iDB (#10662)
Pull request,2026-01-16 15:25:04+00:00,nivyaalikanti,https://github.com/excalidraw/excalidraw/pull/10663,Improve feedback for invalid hex color input
Issue,2026-01-16 17:57:55+00:00,jrmain,https://github.com/excalidraw/excalidraw/issues/10664,"Please change ""All your data is stored locally in your browser"". It's misleading."
Issue,2026-01-17 03:10:04+00:00,secondbrain4-coder,https://github.com/excalidraw/excalidraw/issues/10666,Excalidraw global vs per-tool settings
Pull request,2026-01-17 08:04:55+00:00,NAM-MAN,https://github.com/excalidraw/excalidraw/pull/10667,fix: typos in comments
Pull request,2026-01-17 17:10:39+00:00,dwelle,https://github.com/excalidraw/excalidraw/pull/10668,fix: tweak error display in ttd
Commit,2026-01-17 17:17:04+00:00,dwelle,https://github.com/excalidraw/excalidraw/commit/0443511954a8a557866a98a939e2a506acb4858b,fix: tweak error display in ttd (#10668)
Pull request,2026-01-18 19:59:49+00:00,dwelle,https://github.com/excalidraw/excalidraw/pull/10669,feat: reduce max tablet MQ size
Commit,2026-01-18 20:55:14+00:00,dwelle,https://github.com/excalidraw/excalidraw/commit/9d760336d195b13d4a237a1408743a38f7c0ca9a,feat: reduce max tablet MQ size (#10669)
Pull request,2026-01-18 21:30:40+00:00,dwelle,https://github.com/excalidraw/excalidraw/pull/10670,chore: bump node in tests.yml
Pull request,2026-01-18 22:10:57+00:00,zsviczian,https://github.com/excalidraw/excalidraw/pull/10671,Hyperlink suggester fix
Pull request,2026-01-19 03:37:10+00:00,anviik,https://github.com/excalidraw/excalidraw/pull/10672,feat: laser tool can now click on links and cursor changes icon when hovered over link
Commit,2026-01-19 08:23:50+00:00,dwelle,https://github.com/excalidraw/excalidraw/commit/1f47d61e8cbec7806f9cda4b2146ffa60bfe12a4,chore: bump node in tests.yml (#10670)
Pull request,2026-01-19 08:38:42+00:00,dwelle,https://github.com/excalidraw/excalidraw/pull/10673,fix: fail gracefully during restore
Issue,2026-01-19 08:53:58+00:00,tiger7651,https://github.com/excalidraw/excalidraw/issues/10674,It is suggested to add a thumbnail plugin to .excalidraw for PC to facilitate file preview
Issue,2026-01-19 12:05:12+00:00,Sammeeey,https://github.com/excalidraw/excalidraw/issues/10675,"keyboard shortcut ""Cmd-/ or Ctrl-/"" not working on QWERTZ keyboards"
Pull request,2026-01-20 09:40:49+00:00,mtolmacs,https://github.com/excalidraw/excalidraw/pull/10676,fix: Arrow drag start in bindable area  jumps across bindable
Pull request,2026-01-20 10:30:42+00:00,mtolmacs,https://github.com/excalidraw/excalidraw/pull/10677,fix: Angle-locked line history
Commit,2026-01-20 11:11:58+00:00,mtolmacs,https://github.com/excalidraw/excalidraw/commit/0988ecfef40db7c965fd79c43454d154cf83aced,fix: Angle-locked line history (#10677)
Commit,2026-01-20 11:33:22+00:00,dwelle,https://github.com/excalidraw/excalidraw/commit/60ab14c2f633112613843eec3c049f6da0f566e8,fix: fail gracefully during restore (#10673)
Commit,2026-01-20 11:38:40+00:00,mtolmacs,https://github.com/excalidraw/excalidraw/commit/9ba0f5dbc9d551aad9277341a82449e04043c5ae,fix: Arrow drag start in bindable area  jumps across bindable (#10676)
Issue,2026-01-20 12:56:45+00:00,microchila,https://github.com/excalidraw/excalidraw/issues/10678,bug!!!!!!
Pull request,2026-01-20 19:07:42+00:00,dwelle,https://github.com/excalidraw/excalidraw/pull/10679,fix: keep input focus during generation
Commit,2026-01-20 19:14:28+00:00,dwelle,https://github.com/excalidraw/excalidraw/commit/3c8e893cab216eb1f748ec1245aeb059a1349639,fix: keep input focus during generation (#10679)
Pull request,2026-01-21 12:29:12+00:00,dwelle,https://github.com/excalidraw/excalidraw/pull/10680,fix: ttd 429 error handling
Pull request,2026-01-21 12:52:45+00:00,dwelle,https://github.com/excalidraw/excalidraw/pull/10681,fix: rerender TTD preview on message remove
Pull request,2026-01-21 13:02:49+00:00,dwelle,https://github.com/excalidraw/excalidraw/pull/10682,fix: dropdownMenu item badge position
Commit,2026-01-21 13:07:23+00:00,dwelle,https://github.com/excalidraw/excalidraw/commit/84a309d669f69ca7c9a43e997fc694d192459f31,fix: ttd 429 error handling (#10680)
Commit,2026-01-21 13:07:36+00:00,dwelle,https://github.com/excalidraw/excalidraw/commit/acf54c6f3846bea889e9acc5b6144bec4ee3016c,fix: dropdownMenu item badge position (#10682)
Commit,2026-01-21 13:07:48+00:00,dwelle,https://github.com/excalidraw/excalidraw/commit/6135548534fcfacc0ffa7bd1d1f7d32ce05f137d,fix: rerender TTD preview on message remove (#10681)
Issue,2026-01-21 14:18:07+00:00,smc-heiser,https://github.com/excalidraw/excalidraw/issues/10683,Define custom translations during runtime
Issue,2026-01-22 08:18:56+00:00,SOYYSK,https://github.com/excalidraw/excalidraw/issues/10684,Feature adding request: snap-to-grid
Issue,2026-01-22 16:18:48+00:00,akhilub,https://github.com/excalidraw/excalidraw/issues/10685,New UI for excalidraw is missing on excalidraw.com for Desktop/Laptop Screens at zoom level 125%. Did it got revert?
Issue,2026-01-22 23:26:00+00:00,GiovanniEliasDaRosa,https://github.com/excalidraw/excalidraw/issues/10688,bug(ui): side panel spacing wrong in stroke and background
Issue,2026-01-22 23:32:57+00:00,h,https://github.com/excalidraw/excalidraw/issues/10689,Add support for opening .excalidraw.png and .excalidraw.svg files using the Excalidraw PWA
Pull request,2026-01-22 23:39:12+00:00,h,https://github.com/excalidraw/excalidraw/pull/10690,feat: Allow PWA to open .excalidraw.png / .excalidraw.svg files
Pull request,2026-01-23 18:07:47+00:00,pandaa-69,https://github.com/excalidraw/excalidraw/pull/10691,fix(locales): update hi-IN.json with missing translations
Issue,2026-01-23 19:06:09+00:00,zsviczian,https://github.com/excalidraw/excalidraw/issues/10692,BUG: link Icon opacity is not changed when element opacity is adjusted
Pull request,2026-01-23 19:06:58+00:00,zsviczian,https://github.com/excalidraw/excalidraw/pull/10693,fix: set link icon opacity based on element opacity
Issue,2026-01-23 20:55:03+00:00,zsviczian,https://github.com/excalidraw/excalidraw/issues/10694,Is it really the right decision not to invert SVGs?
Pull request,2026-01-24 09:47:56+00:00,zsviczian,https://github.com/excalidraw/excalidraw/pull/10695,fix: Regression - invert SVGs in Dark Mode
Commit,2026-01-24 11:16:48+00:00,zsviczian,https://github.com/excalidraw/excalidraw/commit/d5e37cda812094bb103d53f9b122faa941f5b5bf,fix: set link icon opacity based on element opacity (#10693)
Commit,2026-01-24 12:00:14+00:00,zsviczian,https://github.com/excalidraw/excalidraw/commit/60759d314d3d4545b22d8c6f35f5afa24efa14e4,fix: Regression - invert SVGs in Dark Mode (#10695)
Issue,2026-01-24 13:22:09+00:00,LowByteFox,https://github.com/excalidraw/excalidraw/issues/10696,Outline arrowheads have white fill in dark mode
Pull request,2026-01-24 21:34:05+00:00,dwelle,https://github.com/excalidraw/excalidraw/pull/10697,build: replace eslint & prettier with oxc
Pull request,2026-01-25 13:21:31+00:00,hynxp,https://github.com/excalidraw/excalidraw/pull/10698,fix: correct fill color for outline arrowheads in dark mode
Pull request,2026-01-25 21:26:17+00:00,fuzzylogic003,https://github.com/excalidraw/excalidraw/pull/10699,Fix: use selection color for grouping border (#7177)
Pull request,2026-01-25 21:46:35+00:00,fuzzylogic003,https://github.com/excalidraw/excalidraw/pull/10700,Fix: display error message for invalid hex color codes (#9527)
Issue,2026-01-26 01:23:09+00:00,cTangonan123,https://github.com/excalidraw/excalidraw/issues/10701,Bug: 2 scenarios where arrow elements are not updated
Pull request,2026-01-26 03:17:13+00:00,cTangonan123,https://github.com/excalidraw/excalidraw/pull/10702,fix: Bound arrow elements for distribute and wyswig updates
Pull request,2026-01-26 11:19:13+00:00,tobwa-on,https://github.com/excalidraw/excalidraw/pull/10703,feat: Poll Feature 
Pull request,2026-01-26 12:02:42+00:00,on23jk,https://github.com/excalidraw/excalidraw/pull/10704,added ARIA-LABELS to Menubuttons
Issue,2026-01-26 15:22:43+00:00,arnaudprc,https://github.com/excalidraw/excalidraw/issues/10705,"circle doesn't appear, they are invisible evne with all option a background and opacity to 100%"
Pull request,2026-01-26 15:36:36+00:00,mtolmacs,https://github.com/excalidraw/excalidraw/pull/10706,fix: Arrow endpoint offset
Pull request,2026-01-26 17:33:27+00:00,mtolmacs,https://github.com/excalidraw/excalidraw/pull/10707,fix: Increase iteration on curve intersection calc
Commit,2026-01-26 17:52:13+00:00,cTangonan123,https://github.com/excalidraw/excalidraw/commit/28691e14b1199d9e2890fa6410f26c61e62c021e,fix: Bound arrow elements for distribute and wyswig updates (#10702)
Commit,2026-01-26 19:50:44+00:00,mtolmacs,https://github.com/excalidraw/excalidraw/commit/dfdd994dbbefc0562c0c5e42f267f23ae8d9d62d,perf: Cache hits in collision detection (#10648)
Commit,2026-01-26 19:52:13+00:00,mtolmacs,https://github.com/excalidraw/excalidraw/commit/54fa0c908969236908aab47b908fb648ddc01cb8,fix: Increase iteration on curve intersection calc (#10707)
Commit,2026-01-26 19:55:08+00:00,mtolmacs,https://github.com/excalidraw/excalidraw/commit/6a891365b968ffa2b54b1d03be06674cb2757ea1,fix: Arrow endpoint offset (#10706)
Issue,2026-01-27 05:33:21+00:00,jjc-arch,https://github.com/excalidraw/excalidraw/issues/10708,Add the links from Canvas into the whitelist please
Pull request,2026-01-27 21:36:11+00:00,dwelle,https://github.com/excalidraw/excalidraw/pull/10710,feat: prevent pasting excalidraw into textarea & paste element text if avail
Pull request,2026-01-28 00:59:19+00:00,ryan-di,https://github.com/excalidraw/excalidraw/pull/10711,fix: text corner resizing only takes delta y
Pull request,2026-01-28 18:05:56+00:00,zsviczian,https://github.com/excalidraw/excalidraw/pull/10712,fix: SVG Inversion on Safari
Commit,2026-01-28 21:35:39+00:00,dwelle,https://github.com/excalidraw/excalidraw/commit/f5cf81ce42276ef8148b7cd951274025648476b8,feat: prevent pasting excalidraw into textarea & paste element text if avail (#10710)
Issue,2026-01-29 02:51:29+00:00,only8578,https://github.com/excalidraw/excalidraw/issues/10713,error :  canvas too big
Pull request,2026-01-29 08:26:11+00:00,fanghai-mao,https://github.com/excalidraw/excalidraw/pull/10714,fix: croping not move image
Pull request,2026-01-29 08:50:25+00:00,fanghai-mao,https://github.com/excalidraw/excalidraw/pull/10715,fix: canvas size limit export
Pull request,2026-01-29 09:33:34+00:00,hweihwang,https://github.com/excalidraw/excalidraw/pull/10716,feat: allow configurable max image size
Pull request,2026-01-29 15:19:07+00:00,pesnik,https://github.com/excalidraw/excalidraw/pull/10717,feat: Add subpath hosting support
Pull request,2026-01-30 13:20:57+00:00,mtolmacs,https://github.com/excalidraw/excalidraw/pull/10718,fix: Coherent stats binding
Pull request,2026-01-30 14:43:33+00:00,dwelle,https://github.com/excalidraw/excalidraw/pull/10719,feat: support customizing TTD welcome screen
Commit,2026-01-30 15:28:36+00:00,dwelle,https://github.com/excalidraw/excalidraw/commit/802cde35019354ab3c4749ef1ae7ea71b404e31b,feat: support customizing TTD welcome screen (#10719)
Commit,2026-01-30 21:20:46+00:00,mtolmacs,https://github.com/excalidraw/excalidraw/commit/216afc36252b793d88777cf85b8f51028a00e8b3,fix: Coherent stats binding (#10718)
Issue,2026-01-31 12:35:55+00:00,DavidEsteve901,https://github.com/excalidraw/excalidraw/issues/10720,Feature Request: Global overhaul of mermaid-to-excalidraw styling (including Subgraph support)
Commit,2026-01-31 14:08:28+00:00,mtolmacs,https://github.com/excalidraw/excalidraw/commit/b552c6071417d731874c43e38d41dc6f76409fc9,feat: Focus indicator (#10613)
Pull request,2026-01-31 14:21:23+00:00,Yashh56,https://github.com/excalidraw/excalidraw/pull/10721,fix: Clarify welcome screen message about browser storage limitations
Commit,2026-01-31 15:28:21+00:00,zsviczian,https://github.com/excalidraw/excalidraw/commit/dfa1ce572bef6976ae82b3c5cfaa581580a447f1,fix: SVG Inversion on Safari (#10712)
Commit,2026-01-31 16:15:14+00:00,Yashh56,https://github.com/excalidraw/excalidraw/commit/94364af68fbc88ced8d807e8e9534d23d474479e,fix: Clarify welcome screen message about browser storage limitations (#10721)
Issue,2026-01-31 17:38:03+00:00,fmgimba-hue,https://github.com/excalidraw/excalidraw/issues/10722,💼 Advanced Multi-Trade Calculator For Cryptocurrency and Futures Trading
Issue,2026-01-31 18:53:30+00:00,Kahute,https://github.com/excalidraw/excalidraw/issues/10723,Excalidraw
Pull request,2026-01-31 19:20:04+00:00,dwelle,https://github.com/excalidraw/excalidraw/pull/10724,feat(packages/excalidraw): export CommandPalette
Issue,2026-01-31 19:21:17+00:00,adityaprog,https://github.com/excalidraw/excalidraw/issues/10725,FRUSTRATING ERASER.
Commit,2026-01-31 19:24:20+00:00,dwelle,https://github.com/excalidraw/excalidraw/commit/f7b537a8b19369ce1f3f19c536afd00c996d3f8e,feat(packages/excalidraw): export CommandPalette (#10724)
Commit,2026-01-31 21:12:24+00:00,excalibot,https://github.com/excalidraw/excalidraw/commit/f12ae80ba1e1364952c6c6c440ac4212acd06eab,chore: Update translations from Crowdin (#10598)
Pull request,2026-01-31 22:47:29+00:00,dwelle,https://github.com/excalidraw/excalidraw/pull/10726,fix(editor): image positioning in crop editor
Commit,2026-02-01 08:21:30+00:00,dwelle,https://github.com/excalidraw/excalidraw/commit/b57f3e009694acaa73e83ab9bab9a1470dd52ab3,fix(editor): image positioning in crop editor (#10726)
Pull request,2026-02-01 08:38:34+00:00,dwelle,https://github.com/excalidraw/excalidraw/pull/10727,fix(editor): crop editor cursor drift
Pull request,2026-02-01 08:39:17+00:00,ChimdumebiNebolisa,https://github.com/excalidraw/excalidraw/pull/10728,fix: handle missing FontFace unicodeRange during SVG export
Commit,2026-02-01 09:45:04+00:00,dwelle,https://github.com/excalidraw/excalidraw/commit/d29fd62e417b8cb73d1d5dc3e207735046401491,fix(editor): crop editor cursor drift (#10727)
Pull request,2026-02-01 09:57:36+00:00,dwelle,https://github.com/excalidraw/excalidraw/pull/10729,fix(editor): copying to clipboard with no ClipboardEvent
Commit,2026-02-01 10:06:37+00:00,dwelle,https://github.com/excalidraw/excalidraw/commit/54a98268177c19cee7a49d05ce56e64f7a424db1,fix(editor): copying to clipboard with no ClipboardEvent (#10729)
Pull request,2026-02-02 10:30:47+00:00,mtolmacs,https://github.com/excalidraw/excalidraw/pull/10730,fix(editor): On focus drag only update other binding if it's orbit
Pull request,2026-02-02 12:15:27+00:00,excalibot,https://github.com/excalidraw/excalidraw/pull/10731,chore(editor): Update translations from Crowdin
Commit,2026-02-02 19:12:56+00:00,mtolmacs,https://github.com/excalidraw/excalidraw/commit/f39ac4a653335efaaaf9834bf28e9ffc1452cb59,fix(editor): On focus drag only update other binding if it's orbit (#10730)
Pull request,2026-02-02 19:18:30+00:00,mtolmacs,https://github.com/excalidraw/excalidraw/pull/10732,fix: Arrow overlap arrow behavior
Issue,2026-02-02 20:29:01+00:00,qMaDMaNp,https://github.com/excalidraw/excalidraw/issues/10733,Drawing delay on dark mode (sticky situation)
Pull request,2026-02-03 06:21:07+00:00,JZKK720,https://github.com/excalidraw/excalidraw/pull/10734,"chore: customize for localhost - port 3081, node 20, increased PWA ca…"
Issue,2026-02-03 17:55:01+00:00,Masslow97,https://github.com/excalidraw/excalidraw/issues/10735,Editing on text
Pull request,2026-02-03 19:05:02+00:00,loes-alleman-proactive,https://github.com/excalidraw/excalidraw/pull/10736,feat: double headed arrow
Pull request,2026-02-03 19:07:40+00:00,loes-alleman-proactive,https://github.com/excalidraw/excalidraw/pull/10737,Sonnet
Issue,2026-02-03 19:16:32+00:00,daniporr,https://github.com/excalidraw/excalidraw/issues/10738,Failed to execute 'showSaveFilePicker' on 'Window': The request is not allowed by the user agent or the platform in the current context.
Pull request,2026-02-03 20:29:04+00:00,dwelle,https://github.com/excalidraw/excalidraw/pull/10739,feat(editor): reduce binding gap
Pull request,2026-02-03 20:29:27+00:00,suvendukungfu,https://github.com/excalidraw/excalidraw/pull/10740,fix(interaction): enable drawing shapes over text elements (#10735)
Issue,2026-02-03 20:35:07+00:00,CreateModFan154,https://github.com/excalidraw/excalidraw/issues/10741,No pixel eraser
Pull request,2026-02-03 22:01:53+00:00,suvendukungfu,https://github.com/excalidraw/excalidraw/pull/10742,feat: Implement Pixel Eraser for FreeDraw elements
Pull request,2026-02-03 22:15:07+00:00,suvendukungfu,https://github.com/excalidraw/excalidraw/pull/10743,feat: Persistent per-tool style settings
Issue,2026-02-03 23:35:42+00:00,BunsilinSunburst,https://github.com/excalidraw/excalidraw/issues/10744,Text fill and stroke
Pull request,2026-02-04 17:03:52+00:00,Yashh56,https://github.com/excalidraw/excalidraw/pull/10745,feat(editor): add text stroke color and width properties for text elements
Pull request,2026-02-04 17:26:46+00:00,kaigritun,https://github.com/excalidraw/excalidraw/pull/10746,fix: add RTL support for opacity slider
Pull request,2026-02-04 17:34:13+00:00,mtolmacs,https://github.com/excalidraw/excalidraw/pull/10747,fix: Arrow update when cloned
Pull request,2026-02-04 20:10:40+00:00,mtolmacs,https://github.com/excalidraw/excalidraw/pull/10748,fix: Other binding converted from fixed to orbit unconditionally
Pull request,2026-02-04 21:21:46+00:00,dwelle,https://github.com/excalidraw/excalidraw/pull/10749,feat(packages/excalidraw): support nested dropdown menu
Pull request,2026-02-05 06:57:03+00:00,Divyapahuja31,https://github.com/excalidraw/excalidraw/pull/10750,feat: implement plain paste for elements (remove formatting)
Issue,2026-02-05 09:46:52+00:00,ArpanMondalGITHUB,https://github.com/excalidraw/excalidraw/issues/10751,feat: want to make multiple workspace
Commit,2026-02-05 11:00:56+00:00,dwelle,https://github.com/excalidraw/excalidraw/commit/83d3943cd0973aa2fe6dc843a730bcb50e8a26ec,feat(editor): reduce binding gap (#10739)
Issue,2026-02-05 14:30:58+00:00,sert878787-cloud,https://github.com/excalidraw/excalidraw/issues/10752,new links do not work properly
Pull request,2026-02-05 21:16:22+00:00,mtolmacs,https://github.com/excalidraw/excalidraw/pull/10753,fix(editor): Binding hit test based on distance
Issue,2026-02-06 09:45:47+00:00,mozartatplay,https://github.com/excalidraw/excalidraw/issues/10754,I lost my canvas even after saving
Commit,2026-02-06 14:01:07+00:00,mtolmacs,https://github.com/excalidraw/excalidraw/commit/b43260d97be0cd36faaa630595c299963de2cb6c,fix: Other binding converted from fixed to orbit unconditionally (#10748)
Issue,2026-02-06 15:09:03+00:00,gabriela-ivanova1,https://github.com/excalidraw/excalidraw/issues/10755,Chrome/macOS: ‘Open’ file picker selects .excalidraw but nothing happens (drag & drop works)
Issue,2026-02-06 15:32:44+00:00,JaPossert,https://github.com/excalidraw/excalidraw/issues/10756,Request: Whitelist tana.pub for embedding
Issue,2026-02-07 03:12:23+00:00,natsuboy,https://github.com/excalidraw/excalidraw/issues/10758,Is this project dead?
Issue,2026-02-08 02:21:25+00:00,Hyeonjun0527,https://github.com/excalidraw/excalidraw/issues/10759,Korean locale (ko-KR) for Excalidraw Web UI
Commit,2026-02-08 21:27:34+00:00,dwelle,https://github.com/excalidraw/excalidraw/commit/063533aede8365bf18b8f08ec949a1e93697c17d,feat(packages/excalidraw): support nested dropdown menu (#10749)
Pull request,2026-02-08 22:19:02+00:00,dwelle,https://github.com/excalidraw/excalidraw/pull/10760,feat(app): add preferences to main menu
Commit,2026-02-08 22:30:45+00:00,dwelle,https://github.com/excalidraw/excalidraw/commit/3a5ef4020d7515f34c96d179b631911bb8ef8a9f,feat(app): add preferences to main menu (#10760)
Issue,2026-02-09 06:43:31+00:00,aks151,https://github.com/excalidraw/excalidraw/issues/10761,"Ability to change the colour of the selected text only, rather than the whole text box"
Issue,2026-02-09 06:53:28+00:00,damat,https://github.com/excalidraw/excalidraw/issues/10762,Is color picker gone?
Commit,2026-02-09 12:03:05+00:00,mtolmacs,https://github.com/excalidraw/excalidraw/commit/1c8e8bb0f3909a3d98d9e5cff0efe032ef1ccd67,fix: Arrow update when cloned (#10747)
Pull request,2026-02-10 01:19:32+00:00,zheng1595867,https://github.com/excalidraw/excalidraw/pull/10763,跟随主仓库更新
Issue,2026-02-10 18:21:18+00:00,Kush-Saxena,https://github.com/excalidraw/excalidraw/issues/10764,Latest docker image build failing.
Issue,2026-02-10 18:30:59+00:00,GuapChaserr,https://github.com/excalidraw/excalidraw/issues/10765,Lost all images
Pull request,2026-02-10 20:36:31+00:00,Kush-Saxena,https://github.com/excalidraw/excalidraw/pull/10766,fix: Failing docker build #10764
Commit,2026-02-11 10:06:27+00:00,mtolmacs,https://github.com/excalidraw/excalidraw/commit/a70417f23f5985e3ed2a678c3cd25bffb23b1cff,feat(editor): visualize binding midpoints + support for simple arrows (#10611)
Issue,2026-02-11 13:10:50+00:00,gabrielpedrosati,https://github.com/excalidraw/excalidraw/issues/10767,Can't save any canvas
Issue,2026-02-11 17:35:29+00:00,luisteod,https://github.com/excalidraw/excalidraw/issues/10768,Arrow left head icon start as selected even if not drawn
Pull request,2026-02-11 23:37:25+00:00,chromaticsequence,https://github.com/excalidraw/excalidraw/pull/10769,feat(layer-ui): make selected-shape actions panel collapsible
Issue,2026-02-12 00:22:46+00:00,chadsten,https://github.com/excalidraw/excalidraw/issues/10770,Multiple Tabs Overwriting
Pull request,2026-02-12 12:40:36+00:00,mtolmacs,https://github.com/excalidraw/excalidraw/pull/10771,fix: Inside-inside bound arrow endpoint drag trigger focus point editor
Issue,2026-02-12 20:16:47+00:00,zsviczian,https://github.com/excalidraw/excalidraw/issues/10772,Regression: Hex colors with Alpha broken since #10578
Pull request,2026-02-12 20:19:57+00:00,zsviczian,https://github.com/excalidraw/excalidraw/pull/10773,fix: hex8 regression #10578
Commit,2026-02-12 21:03:13+00:00,zsviczian,https://github.com/excalidraw/excalidraw/commit/8b3e149db6a46039a8231a0f82bac5a5cfda8ef3,fix: hex8 regression #10578 (#10773)
Pull request,2026-02-12 23:38:34+00:00,shtse8,https://github.com/excalidraw/excalidraw/pull/10774,fix: convert mermaid <br> tags to newlines in text labels
Pull request,2026-02-12 23:42:59+00:00,shtse8,https://github.com/excalidraw/excalidraw/pull/10775,fix: add missing mermaid diagram types to paste detection
Pull request,2026-02-13 11:15:12+00:00,mtolmacs,https://github.com/excalidraw/excalidraw/pull/10777,"chore(editor): Rename ""inside"" binding to ""fixed"""
Pull request,2026-02-13 20:29:27+00:00,cTangonan123,https://github.com/excalidraw/excalidraw/pull/10778,fix: update arrowhead property defaultValue handling
Commit,2026-02-13 21:33:52+00:00,cTangonan123,https://github.com/excalidraw/excalidraw/commit/89a9badc27d30947882be7f2d6230d95141dd18b,fix: update arrowhead property defaultValue handling (#10778)
Issue,2026-02-14 03:45:10+00:00,Earr22,https://github.com/excalidraw/excalidraw/issues/10779,Request to Add ChatGPT Website to Whitelist
Pull request,2026-02-14 10:52:28+00:00,veeceey,https://github.com/excalidraw/excalidraw/pull/10780,fix: make throttleRAF use latest arguments in RAF window
Issue,2026-02-14 22:09:11+00:00,ChristinaZhang-zz,https://github.com/excalidraw/excalidraw/issues/10781,Request to whitelist domain for embedding: successjournal.com
Issue,2026-02-15 09:58:53+00:00,ItsTheWhale,https://github.com/excalidraw/excalidraw/issues/10782,Path resolution for index.css fails by default when custom condition is not set
Pull request,2026-02-15 10:12:03+00:00,veeceey,https://github.com/excalidraw/excalidraw/pull/10783,fix: snap duplicated elements to grid when grid mode is enabled
Pull request,2026-02-15 12:47:30+00:00,abhijitsinghas,https://github.com/excalidraw/excalidraw/pull/10784,Feature/presentation mode
Pull request,2026-02-16 08:16:43+00:00,ItsTheWhale,https://github.com/excalidraw/excalidraw/pull/10786,fix: default condition export for index.css
Pull request,2026-02-16 13:15:46+00:00,mtolmacs,https://github.com/excalidraw/excalidraw/pull/10787,fix: Arrow z-index when under bound element
Pull request,2026-02-16 20:38:44+00:00,dwelle,https://github.com/excalidraw/excalidraw/pull/10788,feat(editor): support embedding google drive videos
Commit,2026-02-16 21:19:11+00:00,dwelle,https://github.com/excalidraw/excalidraw/commit/46ddd60948b82f804c36b7c6325b6144187185cf,feat(editor): support embedding google drive videos (#10788)
Pull request,2026-02-16 21:24:45+00:00,cTangonan123,https://github.com/excalidraw/excalidraw/pull/10789,fix: convert ArrowheadNoneIcon to component matching arrowhead icon pattern
Commit,2026-02-16 21:25:28+00:00,mtolmacs,https://github.com/excalidraw/excalidraw/commit/ffcb67b21f3693821b0202bf54707bcee21a8ba7,fix: Inside-inside bound arrow endpoint drag trigger focus point editor (#10771)
Pull request,2026-02-16 21:48:19+00:00,quantumnic,https://github.com/excalidraw/excalidraw/pull/10790,fix: improve ShareDialog platform detection (#9583) and fix RTL opacity slider (#9710)
Commit,2026-02-17 06:57:09+00:00,cTangonan123,https://github.com/excalidraw/excalidraw/commit/c1e00c44f57841b18ea14bde30b8d1f5aff95c7e,fix: convert ArrowheadNoneIcon to component matching arrowhead icon pattern (#10789)
Pull request,2026-02-17 07:15:59+00:00,dineshkorukonda,https://github.com/excalidraw/excalidraw/pull/10791,"feat: replace Firebase with Supabase, add sessions management and settings UI"
Pull request,2026-02-17 09:41:38+00:00,quantumnic,https://github.com/excalidraw/excalidraw/pull/10792,fix: typo overriden → overridden in comments
Pull request,2026-02-17 09:49:26+00:00,Astrasv,https://github.com/excalidraw/excalidraw/pull/10793,Feat: Export selection on right click and not just on hamburger menu or shortcut
Pull request,2026-02-17 10:48:56+00:00,Astrasv,https://github.com/excalidraw/excalidraw/pull/10794,feat: Added Sharp Elbow Arrow as requested in issue #10593
Commit,2026-02-17 13:10:05+00:00,mtolmacs,https://github.com/excalidraw/excalidraw/commit/5852d0d41005e67ca00124079b9eee91e4ab716d,fix: Arrow overlap arrow behavior (#10732)
Pull request,2026-02-18 07:59:09+00:00,sian-jose,https://github.com/excalidraw/excalidraw/pull/10795,Added error handling for invalid hexadecimal codes
Pull request,2026-02-18 17:28:39+00:00,mtolmacs,https://github.com/excalidraw/excalidraw/pull/10796,feat: Second-to-last point force bound endpoint inside
Pull request,2026-02-18 22:08:32+00:00,dwelle,https://github.com/excalidraw/excalidraw/pull/10797,feat(editor): allow clicking on links and embeds with laser tool
Issue,2026-02-19 00:47:24+00:00,kyofyufufufufufufufu,https://github.com/excalidraw/excalidraw/issues/10798,Remove dead legacy mobile detection code in editorinterface.ts
Issue,2026-02-19 01:12:04+00:00,AdamLinCodes,https://github.com/excalidraw/excalidraw/issues/10799,[FEATURE REQUEST] - Auto-pan canvas while dragging selections (edge scrolling)
Issue,2026-02-19 01:19:00+00:00,AdamLinCodes,https://github.com/excalidraw/excalidraw/issues/10800,[FEATURE REQUEST] - Right-click hold to pan (temporary Hand/drag mode)
Issue,2026-02-19 08:35:31+00:00,zelenskyds,https://github.com/excalidraw/excalidraw/issues/10801,Customize the UI controls
Commit,2026-02-19 10:45:01+00:00,dwelle,https://github.com/excalidraw/excalidraw/commit/4c3d037f9cddcec92472cb2f61c0840097649cc1,feat(editor): allow clicking on links and embeds with laser tool (#10797)
Pull request,2026-02-19 15:13:32+00:00,dwelle,https://github.com/excalidraw/excalidraw/pull/10802,feat(editor): allow laser-pointing in view mode
Pull request,2026-02-19 17:52:17+00:00,hanityx,https://github.com/excalidraw/excalidraw/pull/10803,refactor: move PNG scene metadata storage to iTXt chunks
Pull request,2026-02-19 19:15:36+00:00,danielalanbates,https://github.com/excalidraw/excalidraw/pull/10804,fix: make opacity slider compatible with RTL layout
Pull request,2026-02-20 09:10:02+00:00,ShubhG24,https://github.com/excalidraw/excalidraw/pull/10805,feat: auto-pan canvas while dragging selections near viewport edges
Pull request,2026-02-20 14:29:06+00:00,Angshuman09,https://github.com/excalidraw/excalidraw/pull/10807,feat: auto-pan canvas while dragging selections (edge scrolling)
Commit,2026-02-20 21:49:46+00:00,dwelle,https://github.com/excalidraw/excalidraw/commit/eb959128ac1543e7f6ea1c4f1935b9899a3e1b9b,feat(editor): allow laser-pointing in view mode (#10802)
Pull request,2026-02-21 04:48:57+00:00,danielalanbates,https://github.com/excalidraw/excalidraw/pull/10808,Fix #9662: Shape switch ends up with too round corners
Pull request,2026-02-21 04:51:01+00:00,danielalanbates,https://github.com/excalidraw/excalidraw/pull/10809,Fix #9708: Importing Mermaidjs diagrams with <br> tags don't get resolv
Pull request,2026-02-21 04:59:22+00:00,danielalanbates,https://github.com/excalidraw/excalidraw/pull/10810,Fix #9704: Colors of the image are slightly different in dark mode
Pull request,2026-02-21 11:52:56+00:00,bmilne1981,https://github.com/excalidraw/excalidraw/pull/10811,Add adjustable corner radius for rectangles (#3600)
Issue,2026-02-21 11:58:55+00:00,zsviczian,https://github.com/excalidraw/excalidraw/issues/10812,getGlobalFixedPointForBindableElement exception when fixedPointRatio is null
Pull request,2026-02-21 13:00:38+00:00,NarumiOmukai-ctrl,https://github.com/excalidraw/excalidraw/pull/10813,Add diagram 2026 02 21Add sample diagram (PNG + source)
Issue,2026-02-21 15:25:05+00:00,rinkitadhana,https://github.com/excalidraw/excalidraw/issues/10814,Add Escape-to-cancel for in-progress pointer drawing (before element is created)
Pull request,2026-02-21 15:29:27+00:00,rinkitadhana,https://github.com/excalidraw/excalidraw/pull/10815,feat(editor): cancel in-progress pointer creation on Escape
Pull request,2026-02-21 16:40:48+00:00,mtolmacs,https://github.com/excalidraw/excalidraw/pull/10816,fix(editor): Hardened fixed point and bound element parsing in restore
Pull request,2026-02-22 08:40:33+00:00,NarumiOmukai-ctrl,https://github.com/excalidraw/excalidraw/pull/10817,Add files via upload.
Issue,2026-02-22 11:46:20+00:00,ghost,https://github.com/excalidraw/excalidraw/issues/10818,Visual Representation: Luxury Demand Drivers
Issue,2026-02-22 15:52:17+00:00,AquaAquaFlow,https://github.com/excalidraw/excalidraw/issues/10819,Feature Request: Add TikTok to embeddable domains whitelist
Pull request,2026-02-22 19:30:04+00:00,skdas20,https://github.com/excalidraw/excalidraw/pull/10820,improve: enhance frame resize UX for multiple selected frames (fixes …
Pull request,2026-02-22 22:09:00+00:00,dwelle,https://github.com/excalidraw/excalidraw/pull/10821,feat(editor): support frame backgrounds
Pull request,2026-02-22 22:11:25+00:00,mixelburg,https://github.com/excalidraw/excalidraw/pull/10822,feat(editor): support embedding TikTok videos
Pull request,2026-02-22 22:16:44+00:00,Archi657,https://github.com/excalidraw/excalidraw/pull/10823,feat: Tiktok embeded ( #10819)
Pull request,2026-02-22 22:24:17+00:00,dwelle,https://github.com/excalidraw/excalidraw/pull/10824,feat(editor): support radar chart and multiple series for other chart types
Pull request,2026-02-22 23:05:17+00:00,dhruv7539,https://github.com/excalidraw/excalidraw/pull/10825,feat: display error feedback for invalid hex color input
Issue,2026-02-23 01:14:16+00:00,chromaticsequence,https://github.com/excalidraw/excalidraw/issues/10826,Feature: Make eraser tool selective
Pull request,2026-02-23 09:06:44+00:00,Archi657,https://github.com/excalidraw/excalidraw/pull/10827,feat: notion embeddable (#7950 - #9409)
Pull request,2026-02-23 16:34:33+00:00,dwelle,https://github.com/excalidraw/excalidraw/pull/10828,chore(debug): add debug.logChanged() and make easy to import
Commit,2026-02-23 19:20:37+00:00,dwelle,https://github.com/excalidraw/excalidraw/commit/b0404b10b6d775d4a0bc48072947f95e5753e117,chore(debug): add debug.logChanged() and make easy to import (#10828)
Commit,2026-02-23 19:22:27+00:00,mtolmacs,https://github.com/excalidraw/excalidraw/commit/7ea3229e17696d2d64f9d0c4a0596b15d8cc81b9,fix(editor): Hardened fixed point and bound element parsing in restore (#10816)
Issue,2026-02-24 00:49:31+00:00,Emily021130,https://github.com/excalidraw/excalidraw/issues/10829,"Undo button does not revert ""open file"" operation"
Issue,2026-02-24 00:50:49+00:00,mihneagiurgea,https://github.com/excalidraw/excalidraw/issues/10830,Import fails on hosted Excalidraw
Pull request,2026-02-24 12:24:10+00:00,mtolmacs,https://github.com/excalidraw/excalidraw/pull/10831,fix(editor): Multi-point arrow bound point update
Commit,2026-02-24 12:32:44+00:00,mtolmacs,https://github.com/excalidraw/excalidraw/commit/0b3a5e7cc4d6ba5bcc5105f694a59f721ee06fc5,fix: Multi-point arrow bound point update (#10831)
Pull request,2026-02-24 13:27:30+00:00,dwelle,https://github.com/excalidraw/excalidraw/pull/10832,fix(editor): simplify and fix midpoint highlighting
Issue,2026-02-24 15:18:39+00:00,rafiya618,https://github.com/excalidraw/excalidraw/issues/10833,Feature Proposal: Attach formatted notes to text elements
Issue,2026-02-24 18:40:12+00:00,srirae,https://github.com/excalidraw/excalidraw/issues/10834,Adding more fonts to the list
Commit,2026-02-24 20:11:46+00:00,dwelle,https://github.com/excalidraw/excalidraw/commit/2874f9e48c3bf9e7c4a46015b4bb65b177f18b13,fix(editor): simplify and fix midpoint highlighting (#10832)
Pull request,2026-02-24 20:31:38+00:00,rafiya618,https://github.com/excalidraw/excalidraw/pull/10835,Feat/notes implementation
Pull request,2026-02-25 04:00:14+00:00,slegarraga,https://github.com/excalidraw/excalidraw/pull/10836,fix: display error message for invalid hex color codes
Issue,2026-02-25 04:31:33+00:00,Abdulllah321,https://github.com/excalidraw/excalidraw/issues/10837,Feature Request: Allow user-defined URL embedding / Dev-friendly embeds
Pull request,2026-02-25 04:41:21+00:00,slegarraga,https://github.com/excalidraw/excalidraw/pull/10838,fix: allow Ctrl+F browser search in help menu
Pull request,2026-02-25 16:28:38+00:00,mtolmacs,https://github.com/excalidraw/excalidraw/pull/10839,feat(editor): Arrow binding is a preference
Issue,2026-02-25 17:09:02+00:00,zsviczian,https://github.com/excalidraw/excalidraw/issues/10840,"Bug: In view mode, if laser pointer was active, stopping view mode, the active tool will default to hand"
Pull request,2026-02-25 17:13:18+00:00,zsviczian,https://github.com/excalidraw/excalidraw/pull/10841,"fix(editor): ""hand"" tool active after exiting view mode if laser point was used"
Issue,2026-02-25 17:15:26+00:00,YuxinZhaozyx,https://github.com/excalidraw/excalidraw/issues/10842,transparent storke for iframe element generated by diagram-to-code funciton
Pull request,2026-02-25 21:16:51+00:00,TartanLeGrand,https://github.com/excalidraw/excalidraw/pull/10843,feat: inject environment variables at deployment time
Pull request,2026-02-25 22:41:35+00:00,williamsteuk,https://github.com/excalidraw/excalidraw/pull/10844,feat: add PDF export option
Issue,2026-02-26 00:28:22+00:00,rafaself,https://github.com/excalidraw/excalidraw/issues/10845,[DOCKER] Build failures: Node version mismatch (`marked@16` requires Node >=20) and PWA precache size limit exceeded
Pull request,2026-02-26 00:30:00+00:00,rafaself,https://github.com/excalidraw/excalidraw/pull/10846,fix(docker): use Node 20 in build stage and PWA precache size limit failure
Issue,2026-02-26 00:53:43+00:00,rafaself,https://github.com/excalidraw/excalidraw/issues/10847,[Language] Portuguese (`pt-BR` / `pt-PT`) not shown in language selector due to completion threshold filter
Pull request,2026-02-26 01:13:35+00:00,rafaself,https://github.com/excalidraw/excalidraw/pull/10848,chore(locales): complete Portuguese translations and reach 100% coverage
Pull request,2026-02-26 02:14:59+00:00,williamsteuk,https://github.com/excalidraw/excalidraw/pull/10849,feat: add PDF export support
Pull request,2026-02-26 04:09:57+00:00,williamsteuk,https://github.com/excalidraw/excalidraw/pull/10850,feat: add PDF export support
Commit,2026-02-26 11:55:13+00:00,zsviczian,https://github.com/excalidraw/excalidraw/commit/cae9d2bcbd3e6c70c579a52574d91ea8898a80bb,"fix: ""hand"" tool active after exiting view mode if laser point was used (#10841)"
Commit,2026-02-26 15:13:15+00:00,dwelle,https://github.com/excalidraw/excalidraw/commit/60b275880da7d1eb7dff3782e8d491188790597a,feat(editor): support radar chart and multiple series for other chart types (#10824)
Pull request,2026-02-26 22:20:02+00:00,williamsteuk,https://github.com/excalidraw/excalidraw/pull/10854,feat: add PDF export support
Issue,2026-02-27 03:42:20+00:00,aashmanVerma,https://github.com/excalidraw/excalidraw/issues/10855,Bug - Tool flickering while holding H key
Pull request,2026-02-27 07:45:24+00:00,Yashh56,https://github.com/excalidraw/excalidraw/pull/10856,fix: hand tool activation and add regression tests for key behavior
Pull request,2026-02-27 14:06:26+00:00,MATEUSZROGALSKI,https://github.com/excalidraw/excalidraw/pull/10857,feat: MongoDB with collab improvements
Pull request,2026-02-27 17:56:22+00:00,AshaTChandran,https://github.com/excalidraw/excalidraw/pull/10858,feat(toolbar): add rainbow animation to main top toolbar
Pull request,2026-02-27 19:49:56+00:00,amoghkokari,https://github.com/excalidraw/excalidraw/pull/10859,new_features_claude
Pull request,2026-02-28 10:43:37+00:00,Gazerrr03,https://github.com/excalidraw/excalidraw/pull/10860,fix(app): support opening embedded scene image files in PWA
Issue,2026-02-28 13:25:22+00:00,sttts,https://github.com/excalidraw/excalidraw/issues/10861,Save to file silently drops images not yet fetched from server
Pull request,2026-02-28 20:13:36+00:00,tunaSandwich,https://github.com/excalidraw/excalidraw/pull/10862,Added basic Rules and hooks
Issue,2026-02-28 21:24:08+00:00,koleajeolayinka,https://github.com/excalidraw/excalidraw/issues/10863,[Bug] Hex code popover overlaps and obscures sidebar menu items
Pull request,2026-02-28 22:17:59+00:00,gourijain029-del,https://github.com/excalidraw/excalidraw/pull/10864,Fix hex popover overlapping preferences menu items
Issue,2026-03-01 00:51:53+00:00,rafaself,https://github.com/excalidraw/excalidraw/issues/10867,[BUG] Eyedropper applies wrong color in dark theme
Pull request,2026-03-01 00:52:32+00:00,rafaself,https://github.com/excalidraw/excalidraw/pull/10868,fix(eyedropper): implement removeDarkModeFilter and update color sampling in dark theme
Pull request,2026-03-01 21:29:59+00:00,jalexanderII,https://github.com/excalidraw/excalidraw/pull/10869,Joel/foundations
Pull request,2026-03-01 22:30:20+00:00,dwelle,https://github.com/excalidraw/excalidraw/pull/10870,"feat(packages/excalidraw): state tracking, api hook, and others"
Issue,2026-03-01 23:06:53+00:00,ajdavis,https://github.com/excalidraw/excalidraw/issues/10871,"SVG files with .excalidraw extension produce cryptic ""Error: invalid file"""
Pull request,2026-03-01 23:35:05+00:00,7TIN,https://github.com/excalidraw/excalidraw/pull/10872,Feat: added shortcut for multiple shape arrow binding (Ctrl+M)  
Issue,2026-03-02 07:36:02+00:00,ahmedadnan-maker,https://github.com/excalidraw/excalidraw/issues/10873,احمد المحنا
Pull request,2026-03-02 12:04:53+00:00,JannikStreek,https://github.com/excalidraw/excalidraw/pull/10874,Fix docker setup
Issue,2026-03-02 12:17:25+00:00,v0r0n0v,https://github.com/excalidraw/excalidraw/issues/10875,close
Issue,2026-03-02 12:21:43+00:00,namanjain2005,https://github.com/excalidraw/excalidraw/issues/10876,Drawing Breaks When Moving Cursor
Pull request,2026-03-02 18:41:52+00:00,chadmarkey,https://github.com/excalidraw/excalidraw/pull/10877,fix: allow Ctrl+F search while help dialog is open
Pull request,2026-03-02 18:41:58+00:00,chadmarkey,https://github.com/excalidraw/excalidraw/pull/10878,fix: show error state for invalid hex color input
Pull request,2026-03-02 21:14:12+00:00,Diplovee,https://github.com/excalidraw/excalidraw/pull/10879,fix: support header and line MCP stdio framing
Pull request,2026-03-03 14:51:40+00:00,heinrich26,https://github.com/excalidraw/excalidraw/pull/10880,fix(editor): spacing in the left menu
Pull request,2026-03-03 21:35:38+00:00,kyofyufufufufufufufu,https://github.com/excalidraw/excalidraw/pull/10881,refactor: add as const assertions to constants in packages/common
Commit,2026-03-03 21:55:40+00:00,mtolmacs,https://github.com/excalidraw/excalidraw/commit/437595fa652b77df700c7f4e6d4fcd8d9ff42000,feat: Arrow binding is a preference (#10839)
Commit,2026-03-03 22:11:30+00:00,heinrich26,https://github.com/excalidraw/excalidraw/commit/d1cff91b75d48450430ec1260c498791c066b31f,fix: spacing in the left menu (#10880)
Issue,2026-03-04 08:48:11+00:00,akhilub,https://github.com/excalidraw/excalidraw/issues/10882,Lasso Selection & Selection Bug in Compact Mode
Pull request,2026-03-04 09:21:14+00:00,theluckystrike,https://github.com/excalidraw/excalidraw/pull/10883,chore(deps): consolidated dependency updates
Pull request,2026-03-04 14:20:41+00:00,yarikoptic,https://github.com/excalidraw/excalidraw/pull/10884,Add codespell support with configuration and fixes
Pull request,2026-03-04 15:44:10+00:00,dwelle,https://github.com/excalidraw/excalidraw/pull/10885,fix(editor): disable snap-to-midpoint menu item when arrow-binding disabled
Commit,2026-03-04 15:48:33+00:00,dwelle,https://github.com/excalidraw/excalidraw/commit/47c254216b45b42e48a20de693ffc3ab15cff86f,fix(editor): disable snap-to-midpoint menu item when arrow-binding disabled (#10885)
Issue,2026-03-04 16:08:02+00:00,survivorforge,https://github.com/excalidraw/excalidraw/issues/10886,Add .cursorrules file to improve Cursor IDE experience for contributors
Pull request,2026-03-04 16:24:38+00:00,survivorforge,https://github.com/excalidraw/excalidraw/pull/10887,Add .cursorrules for Cursor IDE developer experience
Pull request,2026-03-04 21:05:55+00:00,alextapper,https://github.com/excalidraw/excalidraw/pull/10888,add table component
Pull request,2026-03-04 21:10:32+00:00,DenizErenArici,https://github.com/excalidraw/excalidraw/pull/10889,Enhance Turkish localization in tr-TR.json
Pull request,2026-03-05 10:44:14+00:00,NoRiceToday,https://github.com/excalidraw/excalidraw/pull/10894,feat/setup agentic pipeline stage 1
Pull request,2026-03-05 10:45:24+00:00,heinrich26,https://github.com/excalidraw/excalidraw/pull/10895,fix: dropdownMenu item badge position
Issue,2026-03-05 16:13:21+00:00,DodoLeDev,https://github.com/excalidraw/excalidraw/issues/10896,[Embed Whitelisting Request] Add spotify and Youtube Music to whitelist
Pull request,2026-03-05 16:35:01+00:00,dwelle,https://github.com/excalidraw/excalidraw/pull/10897,feat(editor): mermaid code editor & improve parsing
Commit,2026-03-05 17:52:41+00:00,dwelle,https://github.com/excalidraw/excalidraw/commit/c1dbbdf678c71b93f491ce344cc7ba773f654585,feat(editor): mermaid code editor & improve parsing (#10897)
Issue,2026-03-06 07:15:39+00:00,V14es,https://github.com/excalidraw/excalidraw/issues/10898,bug - inverted scaling
Commit,2026-03-06 08:41:49+00:00,heinrich26,https://github.com/excalidraw/excalidraw/commit/499e9d64a58b5641eb1d41678d922ea3010800ce,fix: dropdownMenu item badge position (#10895)
Issue,2026-03-06 10:00:48+00:00,Anos-17,https://github.com/excalidraw/excalidraw/issues/10899,"[Bug / Isssue] Excalidraw file not opening, the renderer does not work and the view is blank"
Pull request,2026-03-06 11:35:11+00:00,DDDDD12138,https://github.com/excalidraw/excalidraw/pull/10900,fix(toolbar): fix compact toolbar selection/lasso consistency and preserve hand tool
Pull request,2026-03-06 13:55:13+00:00,Ahmad44452,https://github.com/excalidraw/excalidraw/pull/10901,fix: prevent duplicate ToolPopover buttons when switching bw lasso and selection tools
Issue,2026-03-06 15:16:08+00:00,ScienceArtist,https://github.com/excalidraw/excalidraw/issues/10902,Closed by author
Pull request,2026-03-06 16:52:28+00:00,dwelle,https://github.com/excalidraw/excalidraw/pull/10903,feat(editor): sync export theme with ui theme
Commit,2026-03-06 17:37:28+00:00,dwelle,https://github.com/excalidraw/excalidraw/commit/a0e93b60402f543ffb5c845dafd29d95d2f0ffc6,feat(editor): sync export theme with ui theme (#10903)
Pull request,2026-03-06 18:11:49+00:00,Harshithk951,https://github.com/excalidraw/excalidraw/pull/10904,fix(#9527): Implement hex color validation error messages
Pull request,2026-03-06 19:35:52+00:00,dwelle,https://github.com/excalidraw/excalidraw/pull/10905,fix(editor): call throttleRAF with lastArgs and remove trailing
Pull request,2026-03-06 19:39:39+00:00,dwelle,https://github.com/excalidraw/excalidraw/pull/10906,fix(editor): do not conditionally disable midpoint snapping menu preference
Commit,2026-03-06 19:40:36+00:00,dwelle,https://github.com/excalidraw/excalidraw/commit/757dfeb6ad64c2c58db8ce356a54e3f440e433c4,fix(editor): call throttleRAF with lastArgs and remove trailing (#10905)
Commit,2026-03-06 19:44:57+00:00,dwelle,https://github.com/excalidraw/excalidraw/commit/3d8c12fba475bad8ebee4c238466c59f08a5458c,fix(editor): do not conditionally disable midpoint snapping menu preference (#10906)
Issue,2026-03-06 21:38:58+00:00,itsAimad,https://github.com/excalidraw/excalidraw/issues/10907,Lost My Excalidraw Content
Pull request,2026-03-06 23:45:34+00:00,Lollihopss,https://github.com/excalidraw/excalidraw/pull/10908,fix: improve HintViewer text contrast in dark mode for WCAG AA 
Pull request,2026-03-07 05:46:04+00:00,Harshithk951,https://github.com/excalidraw/excalidraw/pull/10911,fix: allow native browser search in Help Dialog and Library Sidebar (#9276)
Pull request,2026-03-07 10:54:38+00:00,dwelle,https://github.com/excalidraw/excalidraw/pull/10912,feat(packages/excalidraw): export throttleRAF
Issue,2026-03-07 10:58:32+00:00,authmane512,https://github.com/excalidraw/excalidraw/issues/10913,Add “Full Screen” Button for Excalidraw on Android (Chrome – Tablets & Mobile)
Commit,2026-03-07 11:05:33+00:00,dwelle,https://github.com/excalidraw/excalidraw/commit/fa1f7d9f2258375214b02a442b130185a5a1540c,feat(packages/excalidraw): export throttleRAF (#10912)
Pull request,2026-03-07 18:51:45+00:00,pdrgds,https://github.com/excalidraw/excalidraw/pull/10914,fix(editor): detect actual content type for .excalidraw files
Issue,2026-03-07 21:41:01+00:00,nch-zops,https://github.com/excalidraw/excalidraw/issues/10915,Lost excalidraw content after exiting and coming back
Pull request,2026-03-07 21:51:22+00:00,gouravslnk,https://github.com/excalidraw/excalidraw/pull/10916,feat: add fullscreen toggle for Android mobile/tablet canvas controls
Issue,2026-03-08 04:01:00+00:00,wo-zai,https://github.com/excalidraw/excalidraw/issues/10917,excalidraw能不能通过快捷键直接在任意网页调用，直接在页面上写草稿
Pull request,2026-03-08 17:22:08+00:00,Emily021130,https://github.com/excalidraw/excalidraw/pull/10918,Fix: Make undo button revert open file operation
Issue,2026-03-08 18:02:12+00:00,debojyoti552-beep,https://github.com/excalidraw/excalidraw/issues/10919,Cal Ai
Pull request,2026-03-08 18:26:30+00:00,Danyccsf,https://github.com/excalidraw/excalidraw/pull/10920,fix: restore collaborators Map after localStorage deserialization
Pull request,2026-03-08 19:19:48+00:00,ThePieMonster,https://github.com/excalidraw/excalidraw/pull/10921,Test
Commit,2026-03-08 22:15:18+00:00,dwelle,https://github.com/excalidraw/excalidraw/commit/21dd1cfacc6beb5d259fdda5c50582a1d9b29894,"feat(packages/excalidraw): state tracking, api hook, and others (#10870)"
Pull request,2026-03-09 13:14:22+00:00,mtolmacs,https://github.com/excalidraw/excalidraw/pull/10922,fix: Arrow point index Out-of-Bounds
Pull request,2026-03-09 13:35:48+00:00,heinrich26,https://github.com/excalidraw/excalidraw/pull/10923,Use FilledButton in Text-To-Diagramm Dialog
Pull request,2026-03-09 14:50:01+00:00,ThePieMonster,https://github.com/excalidraw/excalidraw/pull/10924,Test/test UI qa agent
Issue,2026-03-09 16:09:05+00:00,EmmaThompson123,https://github.com/excalidraw/excalidraw/issues/10925,How to draw curly bracket in excalidraw
Pull request,2026-03-09 17:49:38+00:00,tamas-excalidraw,https://github.com/excalidraw/excalidraw/pull/10926,feat: support canvas notification & pills through props
Issue,2026-03-09 18:38:09+00:00,mayank-mittall,https://github.com/excalidraw/excalidraw/issues/10927,Lost my entire Progress
Issue,2026-03-09 19:40:32+00:00,adamjosefus,https://github.com/excalidraw/excalidraw/issues/10928,Bug | Rotated lines are scaling incorrectly
Issue,2026-03-09 20:08:43+00:00,jepierotti,https://github.com/excalidraw/excalidraw/issues/10929,controls do not work
Pull request,2026-03-09 21:05:07+00:00,dwelle,https://github.com/excalidraw/excalidraw/pull/10930,fix: debug interaction
Issue,2026-03-10 00:15:25+00:00,luna215,https://github.com/excalidraw/excalidraw/issues/10931,Keeps redrawing the objects
Pull request,2026-03-10 12:13:27+00:00,dwelle,https://github.com/excalidraw/excalidraw/pull/10932,docs(packages/excalidraw): improve readme
Pull request,2026-03-10 12:43:29+00:00,mtolmacs,https://github.com/excalidraw/excalidraw/pull/10933,fix: Other endpoint is not immediately updated on midpoint snap
Issue,2026-03-10 22:33:54+00:00,maia-fw,https://github.com/excalidraw/excalidraw/issues/10934,Error message keeps popping up
Issue,2026-03-11 04:53:34+00:00,vijayitone,https://github.com/excalidraw/excalidraw/issues/10935,my data lost- after saving and opening files from disk - only getting this https://www.microsoft.com/en-us/power-platform#modal12
Issue,2026-03-11 08:10:45+00:00,toni-ba,https://github.com/excalidraw/excalidraw/issues/10936,"ndroid Chrome: “Save to…” can’t overwrite the currently opened .excalidraw file (existing file greyed out, forced to rename)"
Commit,2026-03-11 08:49:12+00:00,dwelle,https://github.com/excalidraw/excalidraw/commit/e73a5b0116019a057a1dfa4b534e3e87784c6554,docs(packages/excalidraw): improve readme (#10932)
Issue,2026-03-11 09:53:51+00:00,pratee-k-umar,https://github.com/excalidraw/excalidraw/issues/10937,Toolbar icons duplicate when switching between selection and lasso tool on small screens
Issue,2026-03-11 10:52:01+00:00,bjornasm,https://github.com/excalidraw/excalidraw/issues/10938,Feature request: lock view/follow view in realtime collaboration
Pull request,2026-03-11 15:36:40+00:00,dwelle,https://github.com/excalidraw/excalidraw/pull/10939,feat(packages/excalidraw): tweak and expose more API around state and lifecycle
Commit,2026-03-11 15:51:03+00:00,dwelle,https://github.com/excalidraw/excalidraw/commit/92d25446d62296338d2bba053b90330e4a1fb8be,feat(packages/excalidraw): tweak and expose more API around state and lifecycle (#10939)
Pull request,2026-03-11 20:33:52+00:00,dwelle,https://github.com/excalidraw/excalidraw/pull/10940,feat(editor): ERD arrowheads and diagrams
Commit,2026-03-11 21:00:31+00:00,dwelle,https://github.com/excalidraw/excalidraw/commit/816c81c12e41537373193140c1858fc10a871dae,feat(editor): ERD arrowheads and diagrams (#10940)
Issue,2026-03-12 05:04:01+00:00,bhuvanesh8535-star,https://github.com/excalidraw/excalidraw/issues/10941,ONE
Pull request,2026-03-12 13:53:15+00:00,andie787,https://github.com/excalidraw/excalidraw/pull/10942,Test PR
Pull request,2026-03-12 14:54:29+00:00,dwelle,https://github.com/excalidraw/excalidraw/pull/10943,fix(editor): arrowhead picker overflowing viewport
Commit,2026-03-12 15:08:46+00:00,dwelle,https://github.com/excalidraw/excalidraw/commit/b4ce7c713b8874ab328a4711af3a83d131bebcaf,fix(editor): arrowhead picker overflowing viewport (#10943)
Pull request,2026-03-12 16:06:20+00:00,dwelle,https://github.com/excalidraw/excalidraw/pull/10944,chore(editor): bump @excalidraw/mermaid-to-excalidraw@2.1.1
Commit,2026-03-12 16:32:13+00:00,dwelle,https://github.com/excalidraw/excalidraw/commit/c9ba7f839cc3d9ba1d9c72d2dc6500088b7ff9f3,chore(editor): bump @excalidraw/mermaid-to-excalidraw@2.1.1 (#10944)
Issue,2026-03-12 18:50:41+00:00,steve02081504,https://github.com/excalidraw/excalidraw/issues/10945,failed to extract tarball of package '@excalidraw/mermaid-to-excalidraw': open /esm/npm/@excalidraw/mermaid-to-excalidraw@2.1.1/node_modules/@excalidraw/mermaid-to-excalidraw/dist/converter/types/class.js: no such file or directory
Issue,2026-03-13 03:13:42+00:00,rhys-vultron,https://github.com/excalidraw/excalidraw/issues/10946,"[Feature Request] REST API for Excalidraw+ — enable AI agents, CI/CD, and embedding workflows"
Pull request,2026-03-13 04:34:29+00:00,cTangonan123,https://github.com/excalidraw/excalidraw/pull/10947,feat(editor): allow for dragging bound text along an arrow's path
Issue,2026-03-13 05:13:45+00:00,cTangonan123,https://github.com/excalidraw/excalidraw/issues/10948,[Bug] Hit detection on rotated curved arrows
Issue,2026-03-13 07:17:13+00:00,xuq812170-debug,https://github.com/excalidraw/excalidraw/issues/10949,China UnionPay account cannot complete payment
Issue,2026-03-13 13:42:55+00:00,BrotherShort,https://github.com/excalidraw/excalidraw/issues/10950,Hold down the H key to toggle between the two tools.
Issue,2026-03-14 01:58:05+00:00,mango766,https://github.com/excalidraw/excalidraw/issues/10952,Mermaid import: <br> tags rendered as literal text instead of line breaks
Pull request,2026-03-14 01:59:40+00:00,mango766,https://github.com/excalidraw/excalidraw/pull/10953,fix: convert <br> tags to newlines in Mermaid imports
Pull request,2026-03-14 12:07:36+00:00,dwelle,https://github.com/excalidraw/excalidraw/pull/10954,fix(editor): remove leftover debug code path
Commit,2026-03-14 12:12:48+00:00,dwelle,https://github.com/excalidraw/excalidraw/commit/2b0e4c9623e44b3f2f7d02d532f23128e988cb5d,fix(editor): remove leftover debug code path (#10954)
Pull request,2026-03-15 02:47:30+00:00,guotingyu10,https://github.com/excalidraw/excalidraw/pull/10955,让画布中可以存放长文字
Issue,2026-03-15 11:28:29+00:00,4682B4LEE,https://github.com/excalidraw/excalidraw/issues/10956,为什么我无法付款呢，提示Stripe error
Issue,2026-03-15 11:35:55+00:00,4682B4LEE,https://github.com/excalidraw/excalidraw/issues/10957,Please add my personal website to the whitelist. Thanks
Issue,2026-03-15 13:16:45+00:00,Ohana986,https://github.com/excalidraw/excalidraw/issues/10958,"在wayland上，使用数位板时，“Show (+) crosshair in pen mode”失效，无法显示笔的位置;When using a drawing tablet on Wayland, the ""Show (+) crosshair in pen mode"" option is not working. The crosshair/cursor position does not appear as expected."
Issue,2026-03-15 22:18:40+00:00,ricezs,https://github.com/excalidraw/excalidraw/issues/10961,smooth panning/inertia panning on android label:enhancement
Pull request,2026-03-16 07:48:50+00:00,mtolmacs,https://github.com/excalidraw/excalidraw/pull/10962,fix: Rotated rounded arrow center point
Pull request,2026-03-16 09:17:20+00:00,jolestar,https://github.com/excalidraw/excalidraw/pull/10963,docs: add webmcp-bridge to integrations
Pull request,2026-03-16 15:12:36+00:00,mtolmacs,https://github.com/excalidraw/excalidraw/pull/10964,fix(editor): Lost focus point on transition to inside-inside
Issue,2026-03-16 18:42:49+00:00,rcoenen,https://github.com/excalidraw/excalidraw/issues/10965,"Feature Request: Selection UI customization API (padding, hover state, CSS variables)"
Pull request,2026-03-16 22:56:39+00:00,selimAP,https://github.com/excalidraw/excalidraw/pull/10967,feat: add laser pointer modes (#10192)
Issue,2026-03-17 09:17:48+00:00,majcherpiotrek,https://github.com/excalidraw/excalidraw/issues/10968,Blank screen after login with google
Pull request,2026-03-17 12:58:52+00:00,dharm1k987,https://github.com/excalidraw/excalidraw/pull/10969,feat(editor): allow stacking of shapes into groups to represent scale/copies
Pull request,2026-03-17 16:50:56+00:00,dwelle,https://github.com/excalidraw/excalidraw/pull/10970,feat(editor): put caret at pointer coords when clicking on selected text element
Pull request,2026-03-17 17:59:45+00:00,KryptosAI,https://github.com/excalidraw/excalidraw/pull/10971,Show validation feedback for invalid hex colors
Pull request,2026-03-17 20:08:17+00:00,mtolmacs,https://github.com/excalidraw/excalidraw/pull/10972,fix(editor): Dragged arrow endpoint ignore grid and angle locks
Pull request,2026-03-17 23:23:53+00:00,hanityx,https://github.com/excalidraw/excalidraw/pull/10974,fix(packages/excalidraw): store PNG scene metadata in iTXt chunks
Issue,2026-03-18 08:06:00+00:00,TanishqSharma2022,https://github.com/excalidraw/excalidraw/issues/10975,feat: Connect with Github/Google Drive Account
Issue,2026-03-18 09:36:44+00:00,lern-dev,https://github.com/excalidraw/excalidraw/issues/10976,Ipad drawing Lags
Pull request,2026-03-18 10:17:15+00:00,ryan-di,https://github.com/excalidraw/excalidraw/pull/10977,fix(editor): clip frame children completely out of bounds
Pull request,2026-03-18 16:24:44+00:00,s-virag,https://github.com/excalidraw/excalidraw/pull/10978,fix: curved arrow with bound text crops when exported as PNG
Commit,2026-03-18 18:14:44+00:00,dwelle,https://github.com/excalidraw/excalidraw/commit/e8b4620a96b722646e6db9e98efd0ca2a0184767,feat(editor): put caret at pointer coords when clicking on selected text element (#10970)
Pull request,2026-03-18 21:34:08+00:00,dwelle,https://github.com/excalidraw/excalidraw/pull/10979,feat(editor): various text related improvements
Pull request,2026-03-19 10:08:23+00:00,emevart,https://github.com/excalidraw/excalidraw/pull/10980,fix: mobile dropdown overlap with shape actions
Pull request,2026-03-19 11:03:23+00:00,futhgar,https://github.com/excalidraw/excalidraw/pull/10981,fix: display error feedback for invalid hex color codes
Issue,2026-03-19 14:52:53+00:00,sidd-harth830,https://github.com/excalidraw/excalidraw/issues/10982,For Theme
Commit,2026-03-19 15:00:58+00:00,dwelle,https://github.com/excalidraw/excalidraw/commit/81ab857a6fc66254239947524faccf45d5925f69,feat(editor): various text related improvements (#10979)
Issue,2026-03-19 16:28:11+00:00,dharm1k987,https://github.com/excalidraw/excalidraw/issues/10983,feat: (with impl) Ability to stack shapes to show multiple copies -- great for system design interviews
Issue,2026-03-19 16:39:53+00:00,oscarmtzo,https://github.com/excalidraw/excalidraw/issues/10984,request: Ability to search shapes within your local library by keywords
Issue,2026-03-19 22:09:09+00:00,hiimstevejin,https://github.com/excalidraw/excalidraw/issues/10985,feat: allow exporting bigger canvas to png
Issue,2026-03-20 01:30:57+00:00,darena-pjindal,https://github.com/excalidraw/excalidraw/issues/10986,Animations in presentations
Pull request,2026-03-20 10:59:05+00:00,VeerShah41,https://github.com/excalidraw/excalidraw/pull/10987,feat: add Mongolian (mn-MN) translation
Issue,2026-03-20 13:58:38+00:00,sagikazarmark,https://github.com/excalidraw/excalidraw/issues/10988,Batch export frames
Pull request,2026-03-20 14:34:03+00:00,mtolmacs,https://github.com/excalidraw/excalidraw/pull/10989,feat(editor): Pretty curved arrows
Pull request,2026-03-20 16:33:33+00:00,withsivram,https://github.com/excalidraw/excalidraw/pull/10990,feat: add persistent laser pointer mode
Pull request,2026-03-20 16:33:37+00:00,withsivram,https://github.com/excalidraw/excalidraw/pull/10991,fix: display red border on invalid hex color input
Pull request,2026-03-20 16:33:43+00:00,withsivram,https://github.com/excalidraw/excalidraw/pull/10992,feat: notify user when dragging on empty canvas with no drawing tool
Pull request,2026-03-20 16:40:31+00:00,withsivram,https://github.com/excalidraw/excalidraw/pull/10993,fix: recalculate roundness for all shape types during conversion
Pull request,2026-03-20 16:47:33+00:00,withsivram,https://github.com/excalidraw/excalidraw/pull/10994,fix: resolve <br> tags to newlines when importing Mermaid diagrams
Pull request,2026-03-20 21:48:55+00:00,luissena,https://github.com/excalidraw/excalidraw/pull/10995,fix(editor): stabilize canvas search results order
Pull request,2026-03-20 21:54:37+00:00,luissena,https://github.com/excalidraw/excalidraw/pull/10996,fix(editor): stabilize canvas search results order
Pull request,2026-03-20 22:11:30+00:00,luissena,https://github.com/excalidraw/excalidraw/pull/10997,fix(editor): stabilize canvas search results order
Pull request,2026-03-20 22:32:18+00:00,anmolxlight,https://github.com/excalidraw/excalidraw/pull/10998,feat: search local library by keywords and text elements
Pull request,2026-03-21 01:40:19+00:00,pia1004,https://github.com/excalidraw/excalidraw/pull/10999,feat: add custom trusted domains for embedding and conditional scrolling
Pull request,2026-03-21 07:26:44+00:00,duriantaco,https://github.com/excalidraw/excalidraw/pull/11000,chore: remove 12 unused functions from @excalidraw/math
Issue,2026-03-21 14:11:09+00:00,Kundan-CR7,https://github.com/excalidraw/excalidraw/issues/11001,math: isLineSegment does not validate second point
Pull request,2026-03-21 14:22:50+00:00,tysoncung,https://github.com/excalidraw/excalidraw/pull/11002,feat(laser): add option for persistent laser drawings
Commit,2026-03-21 18:26:47+00:00,mtolmacs,https://github.com/excalidraw/excalidraw/commit/987173b52f8a889984c3ff98450f24b9e65c70fa,fix: Arrow point index Out-of-Bounds (#10922)
Pull request,2026-03-21 18:42:21+00:00,vivekkhimani,https://github.com/excalidraw/excalidraw/pull/11003,[feat] add titles to exported SVGs
Pull request,2026-03-21 19:06:23+00:00,qianchongyang,https://github.com/excalidraw/excalidraw/pull/11004,Add SVG title export option for GitHub keyword searchability
Pull request,2026-03-21 19:51:11+00:00,dwelle,https://github.com/excalidraw/excalidraw/pull/11005,[debug] arrow control points
Pull request,2026-03-21 20:35:49+00:00,ori-shalom,https://github.com/excalidraw/excalidraw/pull/11006,fix(packages/excalidraw): use --color-selection for linear element point handles
Pull request,2026-03-21 20:46:01+00:00,Kundan-CR7,https://github.com/excalidraw/excalidraw/pull/11007,fix(math): correctly validate second point in isLineSegment
Pull request,2026-03-21 21:36:01+00:00,dwelle,https://github.com/excalidraw/excalidraw/pull/11008,chore(packages/excalidraw): export Fonts helper class
Commit,2026-03-21 21:44:27+00:00,dwelle,https://github.com/excalidraw/excalidraw/commit/a9ca16eb42c2fd7f06065be7b5238b40e08bf8d3,chore(packages/excalidraw): export Fonts helper class (#11008)
Pull request,2026-03-22 01:41:16+00:00,kszongic,https://github.com/excalidraw/excalidraw/pull/11009,fix: prevent accidental element duplication when using Alt+Tab
Issue,2026-03-22 06:01:58+00:00,victorchudmax,https://github.com/excalidraw/excalidraw/issues/11010,Excalidraw Pen Tablet User Suggestions
Pull request,2026-03-22 06:42:35+00:00,withsivram,https://github.com/excalidraw/excalidraw/pull/11011,fix: resolve image loading in example code
Pull request,2026-03-22 06:43:48+00:00,withsivram,https://github.com/excalidraw/excalidraw/pull/11012,fix: hide collaborators popup when all avatars fit without overflow
Pull request,2026-03-22 18:08:14+00:00,ghost,https://github.com/excalidraw/excalidraw/pull/11013,Fix typo: overriden -> overridden in comments
Pull request,2026-03-23 03:32:27+00:00,theamitv,https://github.com/excalidraw/excalidraw/pull/11015,Update contributing section in README.md
Pull request,2026-03-23 06:19:21+00:00,Dailin521,https://github.com/excalidraw/excalidraw/pull/11016,chore: remove legacy mobile detection comment
Pull request,2026-03-23 08:11:24+00:00,themavik,https://github.com/excalidraw/excalidraw/pull/11017,fix: z-index shortcuts miss bracket keys on some layouts
Issue,2026-03-23 08:37:42+00:00,marcadella,https://github.com/excalidraw/excalidraw/issues/11018,Caret color does not match text color
Issue,2026-03-23 10:06:34+00:00,marcadella,https://github.com/excalidraw/excalidraw/issues/11019,PDF export prints text in grey
Issue,2026-03-23 12:57:58+00:00,sandipkumardey,https://github.com/excalidraw/excalidraw/issues/11020,Bug: Missing Shortcut Label on Hand Tool Icon in Navigation bar
Commit,2026-03-23 14:54:44+00:00,mtolmacs,https://github.com/excalidraw/excalidraw/commit/75789f620d9f61d392027a4d4b317adcedf72056,fix: Other endpoint is not immediately updated on midpoint snap (#10933)
Commit,2026-03-23 14:54:59+00:00,mtolmacs,https://github.com/excalidraw/excalidraw/commit/d6f0f34fe91a7fab25106f2b31b074c132815d36,fix: Rotated rounded arrow center point (#10962)
Pull request,2026-03-23 15:24:03+00:00,ambujvashistha,https://github.com/excalidraw/excalidraw/pull/11021,fix(ui): prevent Tab key default behavior in arrowhead picker
Pull request,2026-03-23 15:24:27+00:00,ambujvashistha,https://github.com/excalidraw/excalidraw/pull/11022,feat(i18n): add Mongolian (mn-MN) translation
Pull request,2026-03-23 18:07:10+00:00,anmolxlight,https://github.com/excalidraw/excalidraw/pull/11023,fix: cancel multi-point arrows on ESC in collaboration (#9467)
Issue,2026-03-23 20:10:11+00:00,asilverman,https://github.com/excalidraw/excalidraw/issues/11024,Support HTML hyperlink creation in Excalidraw elements
Pull request,2026-03-23 22:17:20+00:00,Himenon,https://github.com/excalidraw/excalidraw/pull/11025,_
Pull request,2026-03-24 03:46:06+00:00,polrai-bg,https://github.com/excalidraw/excalidraw/pull/11026,Claude/organize codebase firebase uwh2m
Pull request,2026-03-24 09:09:56+00:00,cyphercodes,https://github.com/excalidraw/excalidraw/pull/11027,docs: change readonly to read-only
Pull request,2026-03-24 10:38:39+00:00,cyphercodes,https://github.com/excalidraw/excalidraw/pull/11028,fix(math): correctly validate second point in isLineSegment
Pull request,2026-03-24 15:43:20+00:00,feridsassi,https://github.com/excalidraw/excalidraw/pull/11029,fix: add missing shortcut label (H) to hand tool in toolbar
Commit,2026-03-24 18:01:08+00:00,Kundan-CR7,https://github.com/excalidraw/excalidraw/commit/1c292e4936795b8e2ac0b46bbccedf612e060a2b,fix(math): correctly validate second point in isLineSegment (#11007)
Pull request,2026-03-24 18:42:59+00:00,feridsassi,https://github.com/excalidraw/excalidraw/pull/11030,fix: close hex popover when preferences submenu is activated
Pull request,2026-03-24 19:08:09+00:00,dwelle,https://github.com/excalidraw/excalidraw/pull/11031,feat(editor): support mermaid staate diagrams
Commit,2026-03-24 19:20:28+00:00,dwelle,https://github.com/excalidraw/excalidraw/commit/c1082923eedf62e2df7821fe8c772d839c46438d,feat(editor): support mermaid staate diagrams (#11031)
Issue,2026-03-25 00:28:59+00:00,Jadu07,https://github.com/excalidraw/excalidraw/issues/11032,Bug:   rectangleIntersectRectangle  incorrectly returns false for adjacent rectangles
Pull request,2026-03-25 00:30:35+00:00,Jadu07,https://github.com/excalidraw/excalidraw/pull/11033,fix(math): use inclusive inequalities for rectangle intersection logic
Issue,2026-03-25 15:25:46+00:00,Y-R-T,https://github.com/excalidraw/excalidraw/issues/11034,Feat: Support the use of specific keys instead of the left mouse button 支持使用按键替代鼠标按键
Pull request,2026-03-25 15:59:51+00:00,dwelle,https://github.com/excalidraw/excalidraw/pull/11035,feat(editor): deselect on esc
Commit,2026-03-25 16:14:24+00:00,dwelle,https://github.com/excalidraw/excalidraw/commit/c09e170bdd50f9e08a82deba2c037043b8fce9e0,feat(editor): deselect on esc (#11035)
Pull request,2026-03-25 16:41:55+00:00,dwelle,https://github.com/excalidraw/excalidraw/pull/11036,fix(editor): ensure font picker font names are not quoted
Commit,2026-03-25 16:56:48+00:00,dwelle,https://github.com/excalidraw/excalidraw/commit/4a5c9e990ca2dca3106b7bbe674b21cf58acec7d,fix(editor): ensure font picker font names are not quoted (#11036)
Pull request,2026-03-25 17:21:29+00:00,feridsassi,https://github.com/excalidraw/excalidraw/pull/11037,docs: update footer copyright year to 2026
Issue,2026-03-25 17:41:46+00:00,feridsassi,https://github.com/excalidraw/excalidraw/issues/11038,"Feature Request: Linked Instances / ""Sync"" for Reusable Groups"
Issue,2026-03-25 17:47:04+00:00,feridsassi,https://github.com/excalidraw/excalidraw/issues/11039,Feature request: Smart Auto-Layout for connected elements
Pull request,2026-03-25 18:10:56+00:00,feridsassi,https://github.com/excalidraw/excalidraw/pull/11040,i18n: add missing cardinality translations for French locale
Pull request,2026-03-25 20:03:40+00:00,dwelle,https://github.com/excalidraw/excalidraw/pull/11041,fix(test): attempt to fix test flake in collision.test.tsx
Issue,2026-03-26 00:36:20+00:00,rimgosu,https://github.com/excalidraw/excalidraw/issues/11042,Bug: Text before `/q` command disappears when preceded by Korean (IME) input
Pull request,2026-03-26 01:54:51+00:00,rimgosu,https://github.com/excalidraw/excalidraw/pull/11043,fix(editor): ensure font picker font names are not quoted
Pull request,2026-03-26 06:12:55+00:00,jaydeep-pipaliya,https://github.com/excalidraw/excalidraw/pull/11044,docs: clarify scrollToContent fitToContent vs fitToViewport behavior
Pull request,2026-03-26 07:29:32+00:00,dagecko,https://github.com/excalidraw/excalidraw/pull/11045,fix: pin 9 unpinned action(s)
Issue,2026-03-26 07:34:18+00:00,ch0udry,https://github.com/excalidraw/excalidraw/issues/11046,Bug
Pull request,2026-03-26 14:11:07+00:00,akramdhiabitn,https://github.com/excalidraw/excalidraw/pull/11047,chore: fix S3 deployment issue
Pull request,2026-03-26 22:18:36+00:00,amirai0396,https://github.com/excalidraw/excalidraw/pull/11048,feat: add sync for linked library instances
Pull request,2026-03-26 23:09:45+00:00,amirai0396,https://github.com/excalidraw/excalidraw/pull/11049,feat: auto-detect markdown links in text elements
Pull request,2026-03-27 00:53:11+00:00,cyphercodes,https://github.com/excalidraw/excalidraw/pull/11050,fix: make caret color match text color in wysiwyg editor
Pull request,2026-03-27 11:17:39+00:00,Vi-Ku,https://github.com/excalidraw/excalidraw/pull/11051,fix: snap rotation to 90° in grid mode
Pull request,2026-03-27 11:45:55+00:00,nitin-999-code,https://github.com/excalidraw/excalidraw/pull/11052,build: update Node.js requirement to >=20.0.0 for marked dependency
Pull request,2026-03-27 12:44:16+00:00,dwelle,https://github.com/excalidraw/excalidraw/pull/11053,feat(editor): implement overlap box selection
Pull request,2026-03-27 16:57:49+00:00,yogeshwaran-c,https://github.com/excalidraw/excalidraw/pull/11054,fix(editor): retain text editor focus when switching tabs
Pull request,2026-03-27 17:42:22+00:00,yogeshwaran-c,https://github.com/excalidraw/excalidraw/pull/11055,fix: add explicit font-size and margin to context menu items
Pull request,2026-03-27 17:44:38+00:00,yogeshwaran-c,https://github.com/excalidraw/excalidraw/pull/11056,fix(wysiwyg): prevent container scroll when editing text near viewport edge
Pull request,2026-03-27 17:46:16+00:00,yogeshwaran-c,https://github.com/excalidraw/excalidraw/pull/11057,fix: filter NaN points from freedraw SVG path data
Pull request,2026-03-27 17:49:29+00:00,yogeshwaran-c,https://github.com/excalidraw/excalidraw/pull/11058,fix(element): implement lineTo bounds calculation in getMinMaxXYFromCurvePathOps
Pull request,2026-03-27 17:52:47+00:00,yogeshwaran-c,https://github.com/excalidraw/excalidraw/pull/11059,fix(editor): prevent pasted text paragraphs from overlapping
Pull request,2026-03-27 17:55:26+00:00,yogeshwaran-c,https://github.com/excalidraw/excalidraw/pull/11060,fix(editor): zoom to cursor position after window regains focus
Pull request,2026-03-27 18:04:19+00:00,yogeshwaran-c,https://github.com/excalidraw/excalidraw/pull/11061,fix(editor): disallow grouping bound text containers with themselves
Pull request,2026-03-27 18:11:06+00:00,yogeshwaran-c,https://github.com/excalidraw/excalidraw/pull/11062,fix: add shortcut hint to Clear Canvas menu item
Pull request,2026-03-27 18:12:25+00:00,yogeshwaran-c,https://github.com/excalidraw/excalidraw/pull/11063,fix: prevent popover overflow on small viewports
Pull request,2026-03-27 18:16:58+00:00,yogeshwaran-c,https://github.com/excalidraw/excalidraw/pull/11064,fix: prevent arrow bound to frame from being added as frame child
Pull request,2026-03-27 18:24:22+00:00,yogeshwaran-c,https://github.com/excalidraw/excalidraw/pull/11065,fix(editor): add State diagram to mermaid description and link
Pull request,2026-03-27 18:33:56+00:00,yogeshwaran-c,https://github.com/excalidraw/excalidraw/pull/11066,fix: remove incorrect width override in WYSIWYG paste handler
Pull request,2026-03-27 18:35:43+00:00,yogeshwaran-c,https://github.com/excalidraw/excalidraw/pull/11067,fix: opt out of browser auto dark mode to prevent text visibility issues
Pull request,2026-03-27 18:42:08+00:00,yogeshwaran-c,https://github.com/excalidraw/excalidraw/pull/11068,test-draft
Pull request,2026-03-27 18:43:54+00:00,yogeshwaran-c,https://github.com/excalidraw/excalidraw/pull/11069,fix: use CSS logical properties for RTL support in Dialog and Modal
Pull request,2026-03-27 18:47:58+00:00,yogeshwaran-c,https://github.com/excalidraw/excalidraw/pull/11070,fix(editor): add missing space in collab offline warning CSS class
Pull request,2026-03-27 18:58:02+00:00,yogeshwaran-c,https://github.com/excalidraw/excalidraw/pull/11071,fix(editor): allow unlocking elements inside frames
Pull request,2026-03-27 19:02:01+00:00,LuizPaluski,https://github.com/excalidraw/excalidraw/pull/11072,fix: use selectionColor for group selection border instead of hardcoded black
Issue,2026-03-28 00:18:14+00:00,andrewsmints,https://github.com/excalidraw/excalidraw/issues/11074,drawing cursor occasionally turns white (hard to see)
Pull request,2026-03-28 05:49:37+00:00,dagecko,https://github.com/excalidraw/excalidraw/pull/11075,fix: pin 9 actions to commit SHA
Pull request,2026-03-28 21:15:09+00:00,cyphercodes,https://github.com/excalidraw/excalidraw/pull/11080,fix: make element links clickable on whole element in view mode on mobile
Pull request,2026-03-29 13:13:32+00:00,VISHNU7KASIREDDY,https://github.com/excalidraw/excalidraw/pull/11082,fix: correct typo 'overriden' to 'overridden' in comments
Pull request,2026-03-30 03:03:22+00:00,DSep,https://github.com/excalidraw/excalidraw/pull/11083,feat: hide collaborators' cursors and selections during collaboration
Issue,2026-03-30 09:48:52+00:00,anshulsahni,https://github.com/excalidraw/excalidraw/issues/11084,Clicking move from the overflow menu of a scene in dashboard screen doesn't work
Pull request,2026-03-30 12:31:12+00:00,JBR-0100,https://github.com/excalidraw/excalidraw/pull/11085,Append harmless comment to README
Pull request,2026-03-30 14:26:11+00:00,ghost,https://github.com/excalidraw/excalidraw/pull/11086,fix: enforce text min-width constraints during multi-element resize
Commit,2026-03-30 14:49:27+00:00,dagecko,https://github.com/excalidraw/excalidraw/commit/4be4cc0ed03e8bd3af23bb07b7f4a04debdb7bdf,fix: pin 9 actions to commit SHA (#11075)
Pull request,2026-03-30 15:16:20+00:00,Danyccsf,https://github.com/excalidraw/excalidraw/pull/11087,Fix color picker spacing issue when selecting multiple elements
Pull request,2026-03-30 15:58:11+00:00,ghost,https://github.com/excalidraw/excalidraw/pull/11088,fix: narrow `NonDeleted` type to `isDeleted: false`
Pull request,2026-03-30 16:32:09+00:00,ghost,https://github.com/excalidraw/excalidraw/pull/11089,fix: correct typos in function names and comments
Pull request,2026-03-30 17:18:20+00:00,JBR-0100,https://github.com/excalidraw/excalidraw/pull/11090,fix: ensure canceled arrows are synchronized to remote clients
Pull request,2026-03-30 22:12:40+00:00,JBR-0100,https://github.com/excalidraw/excalidraw/pull/11091,fix(wysiwyg): intercept Ctrl+S/Cmd+S in text fields
Issue,2026-03-31 19:20:42+00:00,71203mayank,https://github.com/excalidraw/excalidraw/issues/11092,Bug: Canvas Search Results Overflow and Scrolling Issue
Issue,2026-04-01 08:23:44+00:00,Revive-Curiosity,https://github.com/excalidraw/excalidraw/issues/11095,Feature Request : Add Numeric Shortcut for Stroke Style Toggle (Key 9)
Pull request,2026-04-01 08:36:12+00:00,NANDGOPALSHARMA-29,https://github.com/excalidraw/excalidraw/pull/11096,Fix typo in Discord badge URL parameter
Commit,2026-04-01 16:41:11+00:00,dwelle,https://github.com/excalidraw/excalidraw/commit/d9e8a33aa4b48d920ecb9d3fde15cf0e8b72fd5c,feat(editor): implement overlap box selection (#11053)
Commit,2026-04-02 08:37:02+00:00,NANDGOPALSHARMA-29,https://github.com/excalidraw/excalidraw/commit/e18c1dd213000dde0ae94ef7eb00aab537b39708,Fix typo in Discord badge URL parameter (#11096)
Pull request,2026-04-02 08:41:40+00:00,grnd-alt,https://github.com/excalidraw/excalidraw/pull/11097,chore(release): prepare rewrite import script
Issue,2026-04-02 08:42:50+00:00,krishn03id,https://github.com/excalidraw/excalidraw/issues/11098,Please add custom ai provider
Pull request,2026-04-02 16:16:21+00:00,Calinteodor,https://github.com/excalidraw/excalidraw/pull/11099,Remove img upload support
Pull request,2026-04-02 23:20:39+00:00,hungvietdo,https://github.com/excalidraw/excalidraw/pull/11101,fix: upgrade Dockerfile to Node 20
Pull request,2026-04-03 16:10:26+00:00,mtolmacs,https://github.com/excalidraw/excalidraw/pull/11102,feat(editor): Better freedraw rendering
Pull request,2026-04-03 16:52:43+00:00,PrabinDevkota,https://github.com/excalidraw/excalidraw/pull/11103,fix: use selection color for grouped selection outlines
Pull request,2026-04-03 19:44:44+00:00,RajdeepJadhav-Dev,https://github.com/excalidraw/excalidraw/pull/11104,bug: scrolling issue
Issue,2026-04-03 21:44:55+00:00,shioprince,https://github.com/excalidraw/excalidraw/issues/11105,Feature request: Stroke width slider
Issue,2026-04-04 19:01:02+00:00,mikehickey2,https://github.com/excalidraw/excalidraw/issues/11107,"Docs: Excalidraw Plus MCP requires ""type"": ""http"" in Claude Code config"
Pull request,2026-04-04 23:40:26+00:00,YmNIK13,https://github.com/excalidraw/excalidraw/pull/11109,feat: extend text font sizes (2xs–10xl) and show current size
Issue,2026-04-05 11:18:29+00:00,ElyesBoughedir,https://github.com/excalidraw/excalidraw/issues/11111,Mobile: Preferences submenu cannot be closed by tapping again
Pull request,2026-04-05 11:59:22+00:00,ElyesBoughedir,https://github.com/excalidraw/excalidraw/pull/11112,fix: allow closing submenu by tapping trigger again on mobile
Pull request,2026-04-06 07:22:13+00:00,Aditya-myst,https://github.com/excalidraw/excalidraw/pull/11116,feat: replace stroke width buttons with slider
Issue,2026-04-06 18:42:39+00:00,ElyesBoughedir,https://github.com/excalidraw/excalidraw/issues/11117,"French locale missing keys despite Crowdin showing ""100% translation, 0% approval"""
Issue,2026-04-06 19:07:03+00:00,TheyCallMeFatbird,https://github.com/excalidraw/excalidraw/issues/11118,Feature Request: Bullet points/lists
Issue,2026-04-06 20:23:41+00:00,paidabase,https://github.com/excalidraw/excalidraw/issues/11119,Pai da Base
Issue,2026-04-07 05:38:04+00:00,peltsippi,https://github.com/excalidraw/excalidraw/issues/11120,Feature request: add a way to purge deleted elements from the board
Pull request,2026-04-07 16:25:00+00:00,barnabasmolnar,https://github.com/excalidraw/excalidraw/pull/11121,feat: snap free scroll constraints
Pull request,2026-04-07 21:26:49+00:00,barnabasmolnar,https://github.com/excalidraw/excalidraw/pull/11122,feat: implement snap-free scroll constraints
Issue,2026-04-07 23:50:10+00:00,qageneral,https://github.com/excalidraw/excalidraw/issues/11123,Development docs: add guidance for users who cannot install Yarn globally
Pull request,2026-04-08 11:03:29+00:00,gpedralho,https://github.com/excalidraw/excalidraw/pull/11124,docs: add note for users who cannot install Yarn globally
Issue,2026-04-08 15:41:01+00:00,The-Dan-Main,https://github.com/excalidraw/excalidraw/issues/11125,wrong ticket
Pull request,2026-04-08 20:09:43+00:00,gpedralho,https://github.com/excalidraw/excalidraw/pull/11127,"feat: add ""Purge deleted items"" menu action"
Pull request,2026-04-08 20:38:09+00:00,FluxHarsh,https://github.com/excalidraw/excalidraw/pull/11128,docs: fix typos in README
Pull request,2026-04-09 03:18:35+00:00,hebiao123,https://github.com/excalidraw/excalidraw/pull/11129,npm 包修改
Issue,2026-04-09 06:35:29+00:00,mango766,https://github.com/excalidraw/excalidraw/issues/11130,Bug: matchHostname ignores the passed-in Set and always checks ALLOWED_DOMAINS
Pull request,2026-04-09 06:36:02+00:00,mango766,https://github.com/excalidraw/excalidraw/pull/11131,fix: matchHostname always checked ALLOWED_DOMAINS instead of the passed-in Set
Pull request,2026-04-09 14:21:50+00:00,wsyzxcn,https://github.com/excalidraw/excalidraw/pull/11132,Add remote project workflow
Pull request,2026-04-10 09:02:32+00:00,Perajit,https://github.com/excalidraw/excalidraw/pull/11133,fix(packages/excalidraw): add vertical scroll to canvas search result
Pull request,2026-04-10 10:09:02+00:00,maruthang,https://github.com/excalidraw/excalidraw/pull/11134,fix(editor): recalculate roundness type for all shape conversions
Pull request,2026-04-10 10:09:08+00:00,maruthang,https://github.com/excalidraw/excalidraw/pull/11135,fix(editor): make opacity slider compatible with RTL layout
Pull request,2026-04-10 10:09:17+00:00,maruthang,https://github.com/excalidraw/excalidraw/pull/11136,fix(editor): resolve HTML br tags in mermaid diagram text
Pull request,2026-04-10 10:09:19+00:00,maruthang,https://github.com/excalidraw/excalidraw/pull/11137,fix(editor): restore undo/redo after exiting line editor by click
Pull request,2026-04-10 10:09:24+00:00,maruthang,https://github.com/excalidraw/excalidraw/pull/11138,fix(editor): make initial text container resize undoable
Pull request,2026-04-10 18:15:29+00:00,ElyesBoughedir,https://github.com/excalidraw/excalidraw/pull/11139,feat: add bullet list and numbered list support to the text editor Closes #11118
Pull request,2026-04-10 18:25:03+00:00,siddhantsahare,https://github.com/excalidraw/excalidraw/pull/11140,fix: mobile hyperlinks not clickable in view/presentation mode
Pull request,2026-04-10 22:25:10+00:00,kshanxs,https://github.com/excalidraw/excalidraw/pull/11141,fix: display error message for invalid hex color codes
Pull request,2026-04-10 23:41:59+00:00,dastratakos-test,https://github.com/excalidraw/excalidraw/pull/11142,Batching read/write baseline DOM measurements to avoid layour thrashi…
Issue,2026-04-11 03:49:38+00:00,taralshah09,https://github.com/excalidraw/excalidraw/issues/11143,Feature request: Add triangle as a supported shape element
Pull request,2026-04-11 04:08:24+00:00,taralshah09,https://github.com/excalidraw/excalidraw/pull/11144,feat: adding triangle as a new shape
Pull request,2026-04-11 07:49:54+00:00,maruthang,https://github.com/excalidraw/excalidraw/pull/11145,fix(build): raise workbox precache file size limit for Docker builds
Pull request,2026-04-11 07:51:39+00:00,maruthang,https://github.com/excalidraw/excalidraw/pull/11146,fix(editor): preserve text editor focus when switching browser tabs
Pull request,2026-04-11 07:54:32+00:00,maruthang,https://github.com/excalidraw/excalidraw/pull/11147,fix(editor): only show collaborators popup when avatars overflow
Pull request,2026-04-11 08:08:04+00:00,maruthang,https://github.com/excalidraw/excalidraw/pull/11148,fix(editor): allow browser Find in Page when a dialog is open
Pull request,2026-04-11 08:09:42+00:00,maruthang,https://github.com/excalidraw/excalidraw/pull/11149,fix(editor): prevent browser default for Ctrl+Z inside WYSIWYG
Issue,2026-04-11 14:24:03+00:00,Aevarkan,https://github.com/excalidraw/excalidraw/issues/11150,"Feature Request: Dynamic Timestamps, similar to Discord's ones"
Issue,2026-04-11 18:12:41+00:00,feridsassi,https://github.com/excalidraw/excalidraw/issues/11152,Bug: Canvas background color picker is inaccessible in mobile menu (Safari iOS)
Pull request,2026-04-11 19:28:20+00:00,feridsassi,https://github.com/excalidraw/excalidraw/pull/11153,fix: show canvas background color palette on mobile
Pull request,2026-04-11 21:02:36+00:00,aksharma27,https://github.com/excalidraw/excalidraw/pull/11154,feat: Bullet points/lists #11118
Pull request,2026-04-11 21:47:33+00:00,jstettner,https://github.com/excalidraw/excalidraw/pull/11155,feat(editor): add Shift+<tool key> to cycle stroke style
Pull request,2026-04-11 21:50:11+00:00,jstettner,https://github.com/excalidraw/excalidraw/pull/11156,feat(editor): add Shift+<tool key> to cycle stroke style
Pull request,2026-04-12 02:37:44+00:00,SAY-5,https://github.com/excalidraw/excalidraw/pull/11157,feat: option to make laser drawings persistent
Pull request,2026-04-12 12:19:33+00:00,VoluteTech,https://github.com/excalidraw/excalidraw/pull/11158,docs: change twitter label by X
Pull request,2026-04-12 14:16:52+00:00,ghdiass,https://github.com/excalidraw/excalidraw/pull/11159,[Feature] Implement Bounded Canvas Constraints
Pull request,2026-04-12 17:00:27+00:00,ghdiass,https://github.com/excalidraw/excalidraw/pull/11160,feat: add GitHub integration
Pull request,2026-04-12 20:08:45+00:00,ethanreesewagner,https://github.com/excalidraw/excalidraw/pull/11161,aaaaaa
Pull request,2026-04-13 01:12:56+00:00,SAY-5,https://github.com/excalidraw/excalidraw/pull/11162,feat: paste tabular (TSV) data as a rough table
Pull request,2026-04-13 06:45:26+00:00,jooststessens,https://github.com/excalidraw/excalidraw/pull/11163,[CLOSED] Accidental PR
Commit,2026-04-13 08:30:58+00:00,VoluteTech,https://github.com/excalidraw/excalidraw/commit/1caec99b290c75cda05385e637138998807a65ae,docs: change twitter label by X (#11158)
Pull request,2026-04-13 13:43:05+00:00,ryan-di,https://github.com/excalidraw/excalidraw/pull/11164,feat(editor): add ledger-backed transaction manager with isolated history lane
Issue,2026-04-13 16:19:58+00:00,rudraditya21,https://github.com/excalidraw/excalidraw/issues/11165,"Mermaid HTML-like tags (e.g., <br/>, <b>) not rendered in Excalidraw and displayed as plain text"
Pull request,2026-04-13 18:36:37+00:00,Meahaa,https://github.com/excalidraw/excalidraw/pull/11166,feat(editor): add hover delay and animation to tooltips
Pull request,2026-04-13 21:44:53+00:00,Meahaa,https://github.com/excalidraw/excalidraw/pull/11167,feat(ui): elastic-drop tooltip animation for toolbar
Pull request,2026-04-13 22:47:41+00:00,Mateuscruz19,https://github.com/excalidraw/excalidraw/pull/11168,Fix opacity slider RTL compatibility
Pull request,2026-04-13 22:47:53+00:00,Mateuscruz19,https://github.com/excalidraw/excalidraw/pull/11169,Fix Mermaid diagram <br> tags not resolving to line breaks
Pull request,2026-04-13 23:51:45+00:00,mvivirito,https://github.com/excalidraw/excalidraw/pull/11170,fix(security): prevent XSS in Mermaid diagram rendering
Pull request,2026-04-14 00:12:35+00:00,tunaSandwichCursor,https://github.com/excalidraw/excalidraw/pull/11171,Demo practice 1
Issue,2026-04-14 07:22:17+00:00,JWIsmael,https://github.com/excalidraw/excalidraw/issues/11172,Discursos públicos
Issue,2026-04-14 17:50:27+00:00,Kiubek8,https://github.com/excalidraw/excalidraw/issues/11173,BUG: Multi point creation with pen broken
Pull request,2026-04-14 18:06:43+00:00,ashil31,https://github.com/excalidraw/excalidraw/pull/11174,"fix: improve Mermaid text sanitization (line breaks, HTML tags, entity decoding)"
Issue,2026-04-14 19:48:01+00:00,BaoTNguyen,https://github.com/excalidraw/excalidraw/issues/11175,Exposed environment variables
Issue,2026-04-15 07:03:46+00:00,rutvikparmar01,https://github.com/excalidraw/excalidraw/issues/11176,"feat: Add ability to cancel in-progress drawing (e.g., via Esc key)"
Issue,2026-04-15 07:32:52+00:00,i-see-pixels,https://github.com/excalidraw/excalidraw/issues/11177,"[Feature Request] Animated ""Flow"" Arrows for Data & Logic Visualization"
Pull request,2026-04-15 07:35:54+00:00,shreyas260706,https://github.com/excalidraw/excalidraw/pull/11178,fix: ensure Escape key cancels in-progress drawing without adding shape
Pull request,2026-04-15 11:10:08+00:00,sznmelvin,https://github.com/excalidraw/excalidraw/pull/11179,fix(editor): enabled ctrl+y redo shortcut on linux and mac
Issue,2026-04-15 17:17:06+00:00,rkothiyal,https://github.com/excalidraw/excalidraw/issues/11180,Unable to pull in an excalidraw file
Pull request,2026-04-15 19:00:42+00:00,dwelle,https://github.com/excalidraw/excalidraw/pull/11181,feat(editor): tweak sidebar promo style
Issue,2026-04-16 08:16:23+00:00,Kabukimono-Sakura,https://github.com/excalidraw/excalidraw/issues/11182,Feature request: Add Cloud as a supported shape element
Issue,2026-04-16 10:04:26+00:00,Vansh1811,https://github.com/excalidraw/excalidraw/issues/11183,Hex color input does not show validation error for invalid values like #GGGGGG or partial hex strings
Pull request,2026-04-16 12:37:24+00:00,Kabukimono-Sakura,https://github.com/excalidraw/excalidraw/pull/11184,feat: adding cloud as a new shape
Pull request,2026-04-16 15:01:48+00:00,ElyesBoughedir,https://github.com/excalidraw/excalidraw/pull/11185,fix: show real-time validation error for invalid hex color input
Issue,2026-04-17 06:41:56+00:00,lobre,https://github.com/excalidraw/excalidraw/issues/11186,Feature request: modifier key for applying styles to selection only
Issue,2026-04-17 09:11:22+00:00,amydosomething,https://github.com/excalidraw/excalidraw/issues/11187,Feature Request: Convert Excalidraw flowchart back to Mermaid
Pull request,2026-04-17 13:17:57+00:00,feridsassi,https://github.com/excalidraw/excalidraw/pull/11188,feat: apply styles to selection only when Ctrl/Cmd is held
Pull request,2026-04-17 15:08:23+00:00,Diamond3,https://github.com/excalidraw/excalidraw/pull/11189,Replace firebase with postgres
Pull request,2026-04-17 15:17:36+00:00,TasneemAnas05,https://github.com/excalidraw/excalidraw/pull/11190,fix: restore Arabic locale by bypassing completion threshold
Pull request,2026-04-17 18:22:44+00:00,Danyccsf,https://github.com/excalidraw/excalidraw/pull/11191,feat: graceful downscaling for large canvas exports to prevent browser crashes
Pull request,2026-04-17 22:15:24+00:00,lavaFreak,https://github.com/excalidraw/excalidraw/pull/11192,Use highlight color for grouped outlines
Pull request,2026-04-18 02:53:44+00:00,lavaFreak,https://github.com/excalidraw/excalidraw/pull/11193,Add searchable shortcuts to the help dialog
Pull request,2026-04-18 03:21:01+00:00,lavaFreak,https://github.com/excalidraw/excalidraw/pull/11194,Show validation feedback for invalid hex colors
Issue,2026-04-18 11:46:24+00:00,justinemar,https://github.com/excalidraw/excalidraw/issues/11195,Feature request: View shared drawings without overwriting local canvas
Pull request,2026-04-18 19:05:47+00:00,feridsassi,https://github.com/excalidraw/excalidraw/pull/11196,fix: preserve canvas when opening shared link in new tab
Issue,2026-04-18 19:23:09+00:00,feridsassi,https://github.com/excalidraw/excalidraw/issues/11197,Feature request: Double-click toolbar tool to lock it
Pull request,2026-04-18 19:28:53+00:00,bogomollov,https://github.com/excalidraw/excalidraw/pull/11198,fix: add missing unique key prop in UserList
Pull request,2026-04-18 19:45:11+00:00,feridsassi,https://github.com/excalidraw/excalidraw/pull/11199,feat: double-click toolbar tool to toggle lock
Pull request,2026-04-19 00:26:52+00:00,buley,https://github.com/excalidraw/excalidraw/pull/11200,fix(excalidraw): clean up useCopyStatus timer on unmount
Pull request,2026-04-19 04:43:40+00:00,justinemar,https://github.com/excalidraw/excalidraw/pull/11201,feat: deferred json share link preview and modal dismiss
Pull request,2026-04-19 06:45:25+00:00,Jah-yee,https://github.com/excalidraw/excalidraw/pull/11202,feat(laser): add persistent laser mode toggle
Issue,2026-04-19 08:00:09+00:00,eliandoran,https://github.com/excalidraw/excalidraw/issues/11203,Preact: Handwriting flashing while releasing the mouse
Pull request,2026-04-19 12:09:27+00:00,zilvya,https://github.com/excalidraw/excalidraw/pull/11204,.3493622109966576:bcea4963cb467d7119a6dfb769f053b2_69e4bb18051b5b827f44d5c5.69e4bd32051b5b827f44d679.69e4bd317d01ca4f3c403799:Trae CN.T(2026/4/19 19:32:02)
Issue,2026-04-19 15:27:22+00:00,AparAgarwal,https://github.com/excalidraw/excalidraw/issues/11205,Default theme should follow system preference instead of light theme
Pull request,2026-04-20 06:15:25+00:00,prince12626,https://github.com/excalidraw/excalidraw/pull/11206,fix: display error message for invalid hexadecimal color codes
Pull request,2026-04-20 13:11:12+00:00,zilvya,https://github.com/excalidraw/excalidraw/pull/11207,.3493622109966576:b505631eaa0680fae8ceda4f223b00d9_69e61621e46af4f7d61e5e58.69e61e36e46af4f7d61e5ede.69e61e35a5fcd37bef5435eb:Trae CN.T(2026/4/20 20:38:14)
Pull request,2026-04-20 19:58:31+00:00,dwelle,https://github.com/excalidraw/excalidraw/pull/11208,chore(docker): bump node
Commit,2026-04-20 20:07:00+00:00,dwelle,https://github.com/excalidraw/excalidraw/commit/b1c6bfcf40cba255d208d8d525060684b10cb3cc,chore(docker): bump node (#11208)
Pull request,2026-04-20 21:35:35+00:00,HrachShah,https://github.com/excalidraw/excalidraw/pull/11209,fix: add comma in README
Pull request,2026-04-20 22:47:06+00:00,lobre,https://github.com/excalidraw/excalidraw/pull/11210,fix(editor): allow free text drag inside shapes when not editing label
Pull request,2026-04-21 09:45:52+00:00,zilvya,https://github.com/excalidraw/excalidraw/pull/11211,.3493622109966576:d31ae5020eaaadce09cbfc3c0b45853b_69e64487e46af4f7d61e6232.69e70e9181ef3ff6db53fde8.69e70e9124bb790b97c72e66:Trae CN.T(2026/4/21 13:43:46)
Pull request,2026-04-21 11:43:23+00:00,zilvya,https://github.com/excalidraw/excalidraw/pull/11212,.3493622109966576:e1e7859a6ab3462e6d6e754cbf2b2e3c_69e64487e46af4f7d61e6232.69e75c3681ef3ff6db540466.69e75c3624bb790b97c72e68:Trae CN.T(2026/4/21 19:15:02)
Issue,2026-04-21 12:31:02+00:00,shreyasbharath,https://github.com/excalidraw/excalidraw/issues/11213,"Request: expose text measurement, binding utilities, and a standalone mermaid converter from @excalidraw/excalidraw"
Pull request,2026-04-21 12:48:30+00:00,zilvya,https://github.com/excalidraw/excalidraw/pull/11214,.3493622109966576:8306cbcc8bd77ea5913a09f89187af8c_69e64487e46af4f7d61e6232.69e7633f81ef3ff6db5406d3.69e7633f24bb790b97c72e69:Trae CN.T(2026/4/21 19:45:03)
Issue,2026-04-21 13:39:40+00:00,BataevDaniil,https://github.com/excalidraw/excalidraw/issues/11215,Break app in safari when i change zoom using tachpad
Issue,2026-04-21 14:21:31+00:00,MostlyBen,https://github.com/excalidraw/excalidraw/issues/11217,[Request] Hotkey to start presentation
Issue,2026-04-21 14:47:29+00:00,SimantaRajSarma,https://github.com/excalidraw/excalidraw/issues/11218,feat: Excalidraw AI draws what i prompt
Pull request,2026-04-21 15:29:58+00:00,Rafael-Duarte-Silva,https://github.com/excalidraw/excalidraw/pull/11219,fix: correctly handle moving elements across multiple frames
Pull request,2026-04-21 15:37:15+00:00,ChiragArora31,https://github.com/excalidraw/excalidraw/pull/11220,feat(editor): add AI tidy selection
Pull request,2026-04-21 15:45:07+00:00,ChiragArora31,https://github.com/excalidraw/excalidraw/pull/11221,feat(editor): add AI smart connector labels
Pull request,2026-04-21 15:53:21+00:00,Qiu2025,https://github.com/excalidraw/excalidraw/pull/11222,Accidental PR
Issue,2026-04-21 17:27:40+00:00,sebastianmueller01,https://github.com/excalidraw/excalidraw/issues/11223,Snap to angle broken when pointer is over another element
Pull request,2026-04-21 18:49:51+00:00,ragini-pandey,https://github.com/excalidraw/excalidraw/pull/11224,fix: snap to angle broken when pointer is over another element
Issue,2026-04-22 02:57:50+00:00,Rebacca-s,https://github.com/excalidraw/excalidraw/issues/11225,无法保存
Issue,2026-04-22 08:07:11+00:00,ananya438,https://github.com/excalidraw/excalidraw/issues/11226,Ability to revoke/invalidate live collaboration links
Pull request,2026-04-23 12:58:21+00:00,TusharSariya,https://github.com/excalidraw/excalidraw/pull/11227,Fix Terraform hover whiteout and edge persistence after refresh
Issue,2026-04-23 12:58:50+00:00,KaKi87,https://github.com/excalidraw/excalidraw/issues/11228,[Feature request] Blur effect
Issue,2026-04-23 14:08:02+00:00,modelkucing-bit,https://github.com/excalidraw/excalidraw/issues/11229,kuya
Pull request,2026-04-23 19:55:56+00:00,mtolmacs,https://github.com/excalidraw/excalidraw/pull/11230,fix(editor): Z-ordering with frames
Pull request,2026-04-24 09:56:11+00:00,zilvya,https://github.com/excalidraw/excalidraw/pull/11231,.414989552471815:1d157364527d112f4fb4232dde228c2d_69eb3344286388925d723f72.69eb3b3ba2b89670a7d7178f.69eb3b3bb00b03cd926ef6cd:Trae CN.T(2026/4/24 17:43:23)
Issue,2026-04-24 11:29:58+00:00,joshinda,https://github.com/excalidraw/excalidraw/issues/11232,Slides Randomly Lose Their Content
Issue,2026-04-24 11:51:30+00:00,joshinda,https://github.com/excalidraw/excalidraw/issues/11233,Slides Deleted Content
Pull request,2026-04-24 12:35:25+00:00,mtolmacs,https://github.com/excalidraw/excalidraw/pull/11234,fix: Group selection
Pull request,2026-04-24 14:57:09+00:00,mtolmacs,https://github.com/excalidraw/excalidraw/pull/11235,fix(editor): remove extremely large arrows on restore
Issue,2026-04-25 02:46:16+00:00,tpz320,https://github.com/excalidraw/excalidraw/issues/11236,加入网页
Pull request,2026-04-25 09:39:34+00:00,zilvya,https://github.com/excalidraw/excalidraw/pull/11237,.414989552471815:8491c5faf179bf24aa1492113be5fbb2_69eb3344286388925d723f72.69eb44a9a2b89670a7d7196f.69eb44a8b00b03cd926ef6ce:Trae CN.T(2026/4/24 18:23:37)
Commit,2026-04-25 10:03:50+00:00,mtolmacs,https://github.com/excalidraw/excalidraw/commit/2e1a529c6781b1534d27ca79198dccd40b97ec7b,fix(editor): remove extremely large arrows on restore (#11235)
Pull request,2026-04-26 01:18:01+00:00,JuarezJonatan,https://github.com/excalidraw/excalidraw/pull/11238,Init
Issue,2026-04-26 03:28:08+00:00,harrietzhu123-web,https://github.com/excalidraw/excalidraw/issues/11239,Whitelist *.minimaxi.com for web embed
Pull request,2026-04-26 09:37:02+00:00,mtolmacs,https://github.com/excalidraw/excalidraw/pull/11240,fix: LocalStorage is empty object on node@25 which breaks tests
Pull request,2026-04-26 10:51:03+00:00,mtolmacs,https://github.com/excalidraw/excalidraw/pull/11241,fix: Speculative fixes for arrow invariant failures
Pull request,2026-04-26 15:17:48+00:00,nikhil31082005,https://github.com/excalidraw/excalidraw/pull/11242,[FIX] Dafault theme follow system preference instead of light theme
Pull request,2026-04-27 05:52:30+00:00,agdoko,https://github.com/excalidraw/excalidraw/pull/11243,feat: variable corner radius slider for rounded rectangles (MJT-1)
Issue,2026-04-27 17:09:54+00:00,mcdonohe,https://github.com/excalidraw/excalidraw/issues/11244,Vector drawings distort when scaled
Pull request,2026-04-27 23:25:31+00:00,eolp1,https://github.com/excalidraw/excalidraw/pull/11245,added panning ability using keyboard in view mode
Pull request,2026-04-28 00:49:49+00:00,aperezro,https://github.com/excalidraw/excalidraw/pull/11246,feat: Default theme should follow system preference instead of light theme #11205
Pull request,2026-04-28 03:24:46+00:00,Jakobe088,https://github.com/excalidraw/excalidraw/pull/11247,Add SVG title support for export name
Issue,2026-04-28 07:56:11+00:00,drifting-shard,https://github.com/excalidraw/excalidraw/issues/11248,Keyboard-navigable outline/bookmarks for drawings
Issue,2026-04-28 11:29:48+00:00,Red-Unicorn,https://github.com/excalidraw/excalidraw/issues/11249,Canvas content erase after clicking back on the md file
Pull request,2026-04-28 16:07:55+00:00,dwelle,https://github.com/excalidraw/excalidraw/pull/11250,fix: frame selection and membership
Commit,2026-04-28 16:23:10+00:00,dwelle,https://github.com/excalidraw/excalidraw/commit/43fa4b56028478f53dbb65045df1f9f7737c4321,fix: frame selection and membership (#11250)
Pull request,2026-04-28 19:41:26+00:00,dwelle,https://github.com/excalidraw/excalidraw/pull/11251,feat(editor): scale video embeddables based on zoom
Commit,2026-04-28 19:49:40+00:00,dwelle,https://github.com/excalidraw/excalidraw/commit/278cd357724b17e1119b6c76416520c42958d0e3,feat(editor): scale video embeddables based on zoom (#11251)
Issue,2026-04-28 20:33:11+00:00,tuzmusic,https://github.com/excalidraw/excalidraw/issues/11252,Add a keyboard shortcut to open the arrowhead picker
Pull request,2026-04-29 02:04:49+00:00,blkfndr,https://github.com/excalidraw/excalidraw/pull/11253,Claude/help with project 1h boq
Pull request,2026-04-29 05:53:23+00:00,Danyccsf,https://github.com/excalidraw/excalidraw/pull/11255,docs: add Vitest testing and coverage guide for contributors
Issue,2026-04-29 06:42:58+00:00,vaijaaaaa,https://github.com/excalidraw/excalidraw/issues/11256,Add crop/selection-based export for images in Excalidraw
Pull request,2026-04-29 10:14:12+00:00,dwelle,https://github.com/excalidraw/excalidraw/pull/11257,fix(editor): fix target element index when creating/adding elements to frames
Pull request,2026-04-29 12:36:29+00:00,mtolmacs,https://github.com/excalidraw/excalidraw/pull/11258,fix: Fractional index validation
Issue,2026-04-29 18:58:02+00:00,HrushiYadav,https://github.com/excalidraw/excalidraw/issues/11260,fix(eraser): groupsToErase Set polluted with undefined for ungrouped elements
Pull request,2026-04-29 18:58:19+00:00,HrushiYadav,https://github.com/excalidraw/excalidraw/pull/11261,fix(eraser): guard against undefined in groupsToErase for ungrouped elements
Issue,2026-04-30 03:51:49+00:00,HrushiYadav,https://github.com/excalidraw/excalidraw/issues/11262,fix(clipboard): cut action silently loses data when clipboard write fails
Pull request,2026-04-30 03:52:08+00:00,HrushiYadav,https://github.com/excalidraw/excalidraw/pull/11263,fix(clipboard): await copy before delete in cut action to prevent data loss
Pull request,2026-04-30 10:51:27+00:00,mtolmacs,https://github.com/excalidraw/excalidraw/pull/11264,chore: Remove startBoundElement from state
Pull request,2026-04-30 13:40:40+00:00,GSR187T,https://github.com/excalidraw/excalidraw/pull/11265,Default theme should follow system preference instead of light theme
Issue,2026-04-30 17:51:15+00:00,thomas-jeberson,https://github.com/excalidraw/excalidraw/issues/11266,Need a New Canvas Button Without Resetting Existing Collaborative Boards
Pull request,2026-04-30 21:08:38+00:00,kevintang513,https://github.com/excalidraw/excalidraw/pull/11267,feat: color a selected range within a text element (#1126)
Pull request,2026-04-30 22:22:17+00:00,mixelburg,https://github.com/excalidraw/excalidraw/pull/11268,feat: add *.minimaxi.com to web embed whitelist
Pull request,2026-05-02 13:05:49+00:00,dwelle,https://github.com/excalidraw/excalidraw/pull/11269,fix: group defragmenting
Commit,2026-05-02 13:50:58+00:00,dwelle,https://github.com/excalidraw/excalidraw/commit/3f5fdec04e2fdb7239432a436a6580c4d5e465b0,fix: group defragmenting (#11269)
Commit,2026-05-02 14:36:42+00:00,mtolmacs,https://github.com/excalidraw/excalidraw/commit/2dfcc6f0ce4ce007e0360324e63f02ffc7b7fc1a,chore: Remove startBoundElement from state (#11264)
Pull request,2026-05-03 01:56:35+00:00,ryanhorsey,https://github.com/excalidraw/excalidraw/pull/11270,feat: Frame export crop
Pull request,2026-05-03 05:23:33+00:00,Aryu-RU,https://github.com/excalidraw/excalidraw/pull/11271,feat: blur effect on shapes (closes #11228)
Issue,2026-05-03 15:04:18+00:00,prisha-sh,https://github.com/excalidraw/excalidraw/issues/11272,Enhancement: Show tooltip or hint when no drawing tool is selected
Issue,2026-05-03 15:05:12+00:00,prisha-sh,https://github.com/excalidraw/excalidraw/issues/11273,Enhancement: Add alignment guides for consistent spacing between elements
Commit,2026-05-04 09:37:17+00:00,mtolmacs,https://github.com/excalidraw/excalidraw/commit/3004c642dab239b4e060f7da5c3ac12d2dc9691d,fix: Fractional index validation (#11258)
Pull request,2026-05-04 09:57:39+00:00,LuSrodri,https://github.com/excalidraw/excalidraw/pull/11274,refactor: add generic point types to math package
Pull request,2026-05-04 11:47:15+00:00,mtolmacs,https://github.com/excalidraw/excalidraw/pull/11275,fix(packages/excalidraw): consolidate bounds checks
Pull request,2026-05-04 15:14:12+00:00,rileyphillips802,https://github.com/excalidraw/excalidraw/pull/11276,"feat: add Cursor agent safety hooks for env, destructive git, and rm -rf"
Issue,2026-05-04 17:33:59+00:00,Sai-Vamshhi,https://github.com/excalidraw/excalidraw/issues/11277,Editor environment doesn't support sklearn library
Issue,2026-05-05 11:17:32+00:00,nadayzsolt,https://github.com/excalidraw/excalidraw/issues/11278,When zooming in frames are not visible
Pull request,2026-05-05 11:40:23+00:00,lihan3238,https://github.com/excalidraw/excalidraw/pull/11279,fix: prevent tool flickering when holding shortcut key
Pull request,2026-05-05 11:42:03+00:00,RisabhKedai,https://github.com/excalidraw/excalidraw/pull/11280,fix: #7333 Detect Loops in a closed freedraw by self intersection points
Issue,2026-05-05 12:17:16+00:00,boddolk,https://github.com/excalidraw/excalidraw/issues/11281,[Bug]: Visual duplication of the ‘Lasso selection’ tool icon on the top toolbar when switching quickly
Issue,2026-05-05 14:02:59+00:00,DARSHANCSE,https://github.com/excalidraw/excalidraw/issues/11282,Duplicate v19.2.1 entries on React Versions page
Issue,2026-05-05 16:00:16+00:00,AE-SAY-WAY,https://github.com/excalidraw/excalidraw/issues/11283,[FEATURE REQUEST] Better Arrows
Commit,2026-05-05 19:35:32+00:00,dwelle,https://github.com/excalidraw/excalidraw/commit/d2557474e2a9cfccd0a94ab950a2e763ab12823a,fix(editor): fix target element index when creating/adding elements to frames (#11257)
Pull request,2026-05-05 22:29:15+00:00,jonasmateus,https://github.com/excalidraw/excalidraw/pull/11284,feat: #11266 Need a New Canvas Button Without Resetting Existing Collaborati…
Issue,2026-05-06 00:00:59+00:00,joaoreider,https://github.com/excalidraw/excalidraw/issues/11285,"[BUG]  text to diagram - can't access property ""type"", Z[e].raw.startTime is undefined"
Pull request,2026-05-06 03:17:56+00:00,praneethhere,https://github.com/excalidraw/excalidraw/pull/11286,fix(editor): prevent duplicate lasso toolbar item
Issue,2026-05-06 07:56:25+00:00,VPmancy,https://github.com/excalidraw/excalidraw/issues/11287,background image
Pull request,2026-05-06 10:15:43+00:00,Krish-VATS,https://github.com/excalidraw/excalidraw/pull/11288,feat: inline math calculator for text elements
Issue,2026-05-06 10:37:00+00:00,ValeriyPlenis,https://github.com/excalidraw/excalidraw/issues/11289,CMYK в бесконечной доске
Commit,2026-05-06 13:27:34+00:00,mtolmacs,https://github.com/excalidraw/excalidraw/commit/974b338b7e5fed5176cfd83b7a120b137751a1db,fix: Group selection (#11234)
Pull request,2026-05-06 13:31:21+00:00,alechulkin,https://github.com/excalidraw/excalidraw/pull/11290,fix(app): resolve app-jotai import path in LocalData
Pull request,2026-05-06 13:40:22+00:00,alechulkin,https://github.com/excalidraw/excalidraw/pull/11291, feat(search): improve canvas search result handling and localization:  [issue-11092](https://github.com/excalidraw/excalidraw/issues/11092)
Commit,2026-05-06 14:39:45+00:00,mtolmacs,https://github.com/excalidraw/excalidraw/commit/7f56cc0cf3458e9ef6e5071b4594740cae36a0aa,fix: Speculative fixes for arrow invariant failures (#11241)
Commit,2026-05-06 15:42:36+00:00,mtolmacs,https://github.com/excalidraw/excalidraw/commit/c59fb8dcbc8a63b5db2de5e0bfe49551f35ded7d,fix: LocalStorage is empty object on node@25 which breaks tests (#11240)
Pull request,2026-05-06 16:57:22+00:00,dwelle,https://github.com/excalidraw/excalidraw/pull/11292,ci(repo): enforce scopes
Commit,2026-05-06 17:54:30+00:00,dwelle,https://github.com/excalidraw/excalidraw/commit/97274a74b2d075d60335c4e9cd8dbf56de935df8,ci(repo): enforce scopes (#11292)
Pull request,2026-05-06 17:56:29+00:00,ajoydevs,https://github.com/excalidraw/excalidraw/pull/11293,fix(ttd): sanitize mermaid renderer runtime errors into user-friendly messages
Commit,2026-05-06 20:59:28+00:00,sznmelvin,https://github.com/excalidraw/excalidraw/commit/091b9053a3db8ef702c0b65bc8d351290f685362,fix(editor): enabled ctrl+y redo shortcut on linux and mac (#11179)
Commit,2026-05-06 21:03:10+00:00,alechulkin,https://github.com/excalidraw/excalidraw/commit/d992c10bc1c3ad87eff4e0a45091810242f01ce7,fix(app): resolve app-jotai import path in LocalData (#11290)
Commit,2026-05-06 21:10:50+00:00,praneethhere,https://github.com/excalidraw/excalidraw/commit/b2b2815954f6561f0980bef8997750dabec16e87,fix(editor): prevent duplicate lasso toolbar item (#11286)
Issue,2026-05-06 22:31:27+00:00,boddolk,https://github.com/excalidraw/excalidraw/issues/11295,"[Bug] The ‘Library’, ‘Share (Live collaboration)’ and ‘Excalidraw+’ controls are blocked by the right edge of the window with some resolutions"
Pull request,2026-05-07 01:54:08+00:00,ajuan7,https://github.com/excalidraw/excalidraw/pull/11296,fix: reset isTouchScreen when pointer switches from pen to mouse
Issue,2026-05-07 07:02:44+00:00,szamanr,https://github.com/excalidraw/excalidraw/issues/11297,a11y: no accesible label for main menu button
Pull request,2026-05-07 08:00:20+00:00,ZetsuCoder,https://github.com/excalidraw/excalidraw/pull/11298,uzbek translation is complete
Pull request,2026-05-07 09:04:20+00:00,christospalmosgitpon,https://github.com/excalidraw/excalidraw/pull/11299,Feature/chris: Added lasso tool
Pull request,2026-05-07 11:56:31+00:00,Bardemic,https://github.com/excalidraw/excalidraw/pull/11300,fix(editor): add aria-label to main menu trigger button
Pull request,2026-05-07 14:12:44+00:00,ajoydevs,https://github.com/excalidraw/excalidraw/pull/11301,fix(ttd): sanitize mermaid renderer runtime errors into user-friendly messages
Pull request,2026-05-07 14:15:54+00:00,ajoydevs,https://github.com/excalidraw/excalidraw/pull/11302,fix(ttd): sanitize mermaid renderer runtime errors into user-friendly messages
Pull request,2026-05-07 14:26:45+00:00,ajoydevs,https://github.com/excalidraw/excalidraw/pull/11303,fix(ttd): sanitize mermaid renderer runtime errors into user-friendly messages
Pull request,2026-05-07 15:30:52+00:00,dwelle,https://github.com/excalidraw/excalidraw/pull/11304,feat(editor): support google maps and wikipedia embeds
Pull request,2026-05-07 20:28:38+00:00,mtolmacs,https://github.com/excalidraw/excalidraw/pull/11305,feat(editor): distance based binding candidates
Pull request,2026-05-08 04:06:26+00:00,mdongsheng,https://github.com/excalidraw/excalidraw/pull/11306,Add drawings sidebar scene switching
Pull request,2026-05-08 17:22:30+00:00,Arunkoo,https://github.com/excalidraw/excalidraw/pull/11307,fix: remove redundant focus call in ErrorDialog as Dialog handles it
Issue,2026-05-08 20:00:31+00:00,decimecano,https://github.com/excalidraw/excalidraw/issues/11308,Inconsistent aspect ratio lock behavior when resizing shapes and cropping images
Issue,2026-05-09 09:55:36+00:00,Mikhael913,https://github.com/excalidraw/excalidraw/issues/11309,doesn't repsond to stylus
Pull request,2026-05-09 13:20:05+00:00,mandrysek,https://github.com/excalidraw/excalidraw/pull/11310,feat(editor): add transaction API for grouping scene changes
Pull request,2026-05-09 17:15:47+00:00,WaqasAhmed27,https://github.com/excalidraw/excalidraw/pull/11311,"feat: add whole-text bold, italic, and underline styling"
Pull request,2026-05-10 08:31:49+00:00,YOON-CC,https://github.com/excalidraw/excalidraw/pull/11312,fix(editor): make save shortcut tolerate CapsLock (#9281)
Issue,2026-05-10 13:02:18+00:00,ctholho,https://github.com/excalidraw/excalidraw/issues/11313,Shift dragging line handlers jumps after mouse up in proximity to other objects
Issue,2026-05-11 01:54:09+00:00,xieyuanbin1,https://github.com/excalidraw/excalidraw/issues/11314,期望功能：线与线之间的吸附
Issue,2026-05-11 03:25:23+00:00,west0nG,https://github.com/excalidraw/excalidraw/issues/11315,Featured your project on osalt.dev — README badge available if you'd like to use it
Pull request,2026-05-11 07:51:41+00:00,ryan-di,https://github.com/excalidraw/excalidraw/pull/11316,refactor(editor): simplifies snaplines 
Pull request,2026-05-11 16:44:05+00:00,LennyMalcolm0,https://github.com/excalidraw/excalidraw/pull/11317,feat: allow viewing shared drawings without overwriting local canvas
Pull request,2026-05-11 17:37:36+00:00,Nikinox,https://github.com/excalidraw/excalidraw/pull/11318,Add collaboration sync encryption details to README
Issue,2026-05-12 03:54:45+00:00,zcctgpt-ai,https://github.com/excalidraw/excalidraw/issues/11319,Request to allowlist ai-consulting-deck.netlify.app for iframe embedding
Pull request,2026-05-12 12:57:53+00:00,NgaiWongKa,https://github.com/excalidraw/excalidraw/pull/11320,fix: prevent top-right controls overflow on narrow viewports
Pull request,2026-05-12 16:06:50+00:00,dwelle,https://github.com/excalidraw/excalidraw/pull/11321,fix(editor): handle invalid points on restore
Commit,2026-05-12 16:44:49+00:00,dwelle,https://github.com/excalidraw/excalidraw/commit/0457ac90634b8556feaa9c0e56be94d3f13fd9bd,fix(editor): handle invalid points on restore (#11321)
Issue,2026-05-12 17:49:07+00:00,neirko,https://github.com/excalidraw/excalidraw/issues/11322,"FR: Add options to disable pressure sensitivity, tilt sensitivity, and improve palm rejection for Apple Pencil / stylus users"
Issue,2026-05-12 17:52:13+00:00,neirko,https://github.com/excalidraw/excalidraw/issues/11323,FR: Improve Apple Pencil / stylus drawing latency and stroke smoothness on iPad and tablets
Issue,2026-05-13 06:53:27+00:00,Sydney-o9,https://github.com/excalidraw/excalidraw/issues/11324,This product has become unusable
Issue,2026-05-13 07:47:31+00:00,mlpm21,https://github.com/excalidraw/excalidraw/issues/11325,Export workflow navigation for UX
Pull request,2026-05-14 00:58:42+00:00,MD-Mushfiqur123,https://github.com/excalidraw/excalidraw/pull/11326,Fix Ctrl+S in WYSIWYG editor opening browser Save dialog on Firefox
Pull request,2026-05-14 04:38:34+00:00,lphuc2250gma,https://github.com/excalidraw/excalidraw/pull/11327,"fix: duplicated words in element/{groups,collision,duplicate} comments"
Pull request,2026-05-14 05:16:11+00:00,herbyxo,https://github.com/excalidraw/excalidraw/pull/11328,fix: raise landscape mobile height threshold to 600 (#11295)
Issue,2026-05-14 07:36:03+00:00,luongngocnghia01042003-lang,https://github.com/excalidraw/excalidraw/issues/11329,dd
Pull request,2026-05-14 10:25:40+00:00,radamuz,https://github.com/excalidraw/excalidraw/pull/11330,Add Mermaid export feature and update translations for clarity
Issue,2026-05-14 11:33:40+00:00,harshj0223-blip,https://github.com/excalidraw/excalidraw/issues/11331,Departments
Pull request,2026-05-14 20:39:23+00:00,dwelle,https://github.com/excalidraw/excalidraw/pull/11332,feat(packages/excalidraw): expose image size config and optimize resizing
Commit,2026-05-14 20:45:03+00:00,dwelle,https://github.com/excalidraw/excalidraw/commit/f6d85bc80fe328e8f472636eb0d541f7bb891aa0,feat(packages/excalidraw): expose image size config and optimize resizing (#11332)
Issue,2026-05-14 22:30:40+00:00,BaileyBounnam,https://github.com/excalidraw/excalidraw/issues/11333,Refactor cleanAppStateForExport to clearAppStateForExport for naming consistency
Pull request,2026-05-15 07:13:41+00:00,huimin546,https://github.com/excalidraw/excalidraw/pull/11334,"feat: add ""Zoom To Fit All Elements"" action button"
Pull request,2026-05-15 10:08:33+00:00,Rengoku30,https://github.com/excalidraw/excalidraw/pull/11335,feat(collections): multi-collection disk save for excalidraw-app
Pull request,2026-05-15 22:48:59+00:00,Dasmat13,https://github.com/excalidraw/excalidraw/pull/11336,feat: add persistent laser pointer mode (#9884)
Pull request,2026-05-15 22:57:19+00:00,Dasmat13,https://github.com/excalidraw/excalidraw/pull/11337,fix: show visual error feedback for invalid hex color input
Pull request,2026-05-16 02:53:56+00:00,chu0119,https://github.com/excalidraw/excalidraw/pull/11338,i18n: add missing progressDialog translation for zh-CN
Issue,2026-05-16 04:27:23+00:00,chu0119,https://github.com/excalidraw/excalidraw/issues/11339,Bug: zh-CN locale coverage can be verified automatically in CI
Issue,2026-05-16 06:35:20+00:00,he-patrick,https://github.com/excalidraw/excalidraw/issues/11340,FR: creating code blocks
Pull request,2026-05-16 08:26:14+00:00,singhvishalkr,https://github.com/excalidraw/excalidraw/pull/11341,refactor: rename cleanAppStateForExport to clearAppStateForExport
Pull request,2026-05-16 13:04:55+00:00,spokodev,https://github.com/excalidraw/excalidraw/pull/11342,fix(editor): make element transparency option bar RTL-compatible
Pull request,2026-05-16 13:36:15+00:00,Jack6587,https://github.com/excalidraw/excalidraw/pull/11343,Added Mongolian language to Excalidraw
Pull request,2026-05-16 22:29:48+00:00,spokodev,https://github.com/excalidraw/excalidraw/pull/11344,fix(element): respect shift-locked angle when dragging line endpoints near bindable elements
Pull request,2026-05-17 06:19:23+00:00,ajuan7,https://github.com/excalidraw/excalidraw/pull/11345,feat: show hint on empty canvas when no drawing tool is selected
Pull request,2026-05-17 18:22:12+00:00,arieleli01212,https://github.com/excalidraw/excalidraw/pull/11346,Fix canceling multi-point arrows
Pull request,2026-05-17 20:07:53+00:00,kennethtann,https://github.com/excalidraw/excalidraw/pull/11347,feat (packages/excalidraw): add custom stroke width input
Issue,2026-05-18 02:02:46+00:00,changlicl,https://github.com/excalidraw/excalidraw/issues/11348,Bug: All embedded images disappeared
Issue,2026-05-18 07:15:23+00:00,isAdrisal,https://github.com/excalidraw/excalidraw/issues/11349,Feature suggestion: Use shape as a clipping mask
Pull request,2026-05-18 09:52:08+00:00,spokodev,https://github.com/excalidraw/excalidraw/pull/11350,refactor(excalidraw): rename cleanAppStateForExport to clearAppStateForExport
Issue,2026-05-18 14:43:38+00:00,Shaanworkspace,https://github.com/excalidraw/excalidraw/issues/11351,Make Left Properties Panel Draggable
Pull request,2026-05-19 02:54:08+00:00,DipeshAggarwal,https://github.com/excalidraw/excalidraw/pull/11352,Merge 19/05/2026
Pull request,2026-05-19 09:14:03+00:00,Caltsic,https://github.com/excalidraw/excalidraw/pull/11353,feat: add help dialog search
Pull request,2026-05-19 11:12:43+00:00,niufox,https://github.com/excalidraw/excalidraw/pull/11354,fix: prevent browser default save dialog when Ctrl+S pressed in text editor
Issue,2026-05-19 14:43:12+00:00,Jack6587,https://github.com/excalidraw/excalidraw/issues/11355,Bar graph collapses into a single bar when changing alignment and becomes stuck
Pull request,2026-05-20 02:12:10+00:00,MD-Mushfiqur123,https://github.com/excalidraw/excalidraw/pull/11356,fix(editor): prevent browser save-as on Ctrl+S when editing text & stabilize search results order
Pull request,2026-05-20 02:47:15+00:00,superwfox,https://github.com/excalidraw/excalidraw/pull/11357,Claude/add underline shortcut o ft b0
Issue,2026-05-20 03:40:44+00:00,ruturajv-media-net,https://github.com/excalidraw/excalidraw/issues/11358,Create Rectangle + Enter - Unable to enter text
Pull request,2026-05-20 05:32:01+00:00,Malaybhai11,https://github.com/excalidraw/excalidraw/pull/11359,fix: show error message for invalid hex color input
Pull request,2026-05-20 05:38:00+00:00,nikexiaobai,https://github.com/excalidraw/excalidraw/pull/11360,fix: show error for invalid hex color input
Pull request,2026-05-20 06:16:30+00:00,Jack6587,https://github.com/excalidraw/excalidraw/pull/11361,Feature: Create arrowhead shortcut
Pull request,2026-05-20 06:49:32+00:00,nikexiaobai,https://github.com/excalidraw/excalidraw/pull/11362,Fix invalid hex color feedback
Pull request,2026-05-20 08:28:07+00:00,algojogacor,https://github.com/excalidraw/excalidraw/pull/11363,fix: allow save shortcut (Ctrl/Cmd+S) when editing text elements
Pull request,2026-05-20 10:11:52+00:00,joaopalmeiro,https://github.com/excalidraw/excalidraw/pull/11364,fix: add support for the browser type in serializeAsJSON to save the full visible app state
Pull request,2026-05-20 13:28:02+00:00,cf3901646,https://github.com/excalidraw/excalidraw/pull/11365,feat(locales): add Mongolian translation
Pull request,2026-05-20 14:58:49+00:00,Kmds665,https://github.com/excalidraw/excalidraw/pull/11366,Fix invalid hex color feedback
Pull request,2026-05-20 16:53:28+00:00,Aniketiitk21,https://github.com/excalidraw/excalidraw/pull/11367,fix(editor): label redaction toggle in text fields
Pull request,2026-05-21 02:47:32+00:00,arnavverma2001,https://github.com/excalidraw/excalidraw/pull/11368,feat: add invert colors button in top-left toolbar
Pull request,2026-05-21 07:15:54+00:00,cf3901646,https://github.com/excalidraw/excalidraw/pull/11369,fix: prevent multi-touch events from causing straight lines in freedraw
Issue,2026-05-21 10:24:24+00:00,le0nce,https://github.com/excalidraw/excalidraw/issues/11370,Export to PNG/SVG not possible
Pull request,2026-05-21 13:42:44+00:00,cf3901646,https://github.com/excalidraw/excalidraw/pull/11371,fix: make layer shortcuts (Ctrl + ] / [) compatible with non-US keyboard layouts
Pull request,2026-05-21 14:58:19+00:00,cf3901646,https://github.com/excalidraw/excalidraw/pull/11372,fix: enable touchpad navigation (zoom/pan) when hovering over frame name
Issue,2026-05-21 17:25:57+00:00,Marwan-Hussein,https://github.com/excalidraw/excalidraw/issues/11373,Suggested Feature: Allow using Local Fonts
Issue,2026-05-21 22:55:06+00:00,Today20092,https://github.com/excalidraw/excalidraw/issues/11374,Feature Request: One-Step Arrow Attachment with Inner Control Point
Pull request,2026-05-22 05:14:00+00:00,cf3901646,https://github.com/excalidraw/excalidraw/pull/11375,fix: resolve <br> tags in imported Mermaid diagram texts
Issue,2026-05-22 07:14:57+00:00,Shaanworkspace,https://github.com/excalidraw/excalidraw/issues/11376,Bug: New Folder input field persists previous folder name
Pull request,2026-05-22 10:00:50+00:00,mtolmacs,https://github.com/excalidraw/excalidraw/pull/11377,fix(editor): excessive battery usage
Issue,2026-05-22 10:30:30+00:00,pravuun,https://github.com/excalidraw/excalidraw/issues/11378,feat: explore in-canvas DOM rendering using HTML-in-Canvas API
Pull request,2026-05-23 06:24:58+00:00,Noah3521,https://github.com/excalidraw/excalidraw/pull/11379,fix: show invalid state for malformed hex color input
Pull request,2026-05-23 11:12:51+00:00,Rohith2989,https://github.com/excalidraw/excalidraw/pull/11380,fix: improve dark mode selection contrast and eraser for bound text
Pull request,2026-05-23 18:17:15+00:00,kamenkraychev,https://github.com/excalidraw/excalidraw/pull/11381,feat: add customizable workspace layout mode
Pull request,2026-05-23 19:41:56+00:00,takabayashi,https://github.com/excalidraw/excalidraw/pull/11382,fix(editor): keep canvas search results order stable (#9503)
Pull request,2026-05-23 20:43:01+00:00,takabayashi,https://github.com/excalidraw/excalidraw/pull/11383,feat(app): add local-only multitab drawings
Issue,2026-05-24 08:59:00+00:00,ssomevi-sys,https://github.com/excalidraw/excalidraw/issues/11384,make  it live
Issue,2026-05-24 09:30:50+00:00,sulthonzh,https://github.com/excalidraw/excalidraw/issues/11385,Security: XSS Vulnerability via QR Code SVG Rendering
Issue,2026-05-24 09:31:11+00:00,sulthonzh,https://github.com/excalidraw/excalidraw/issues/11386,Security: Insufficient URL Validation for Iframe PostMessage Handling
Issue,2026-05-24 09:31:30+00:00,sulthonzh,https://github.com/excalidraw/excalidraw/issues/11387,Security: Avatar URLs Not Sanitized Before Rendering
Issue,2026-05-24 09:31:52+00:00,sulthonzh,https://github.com/excalidraw/excalidraw/issues/11388,Security: Clipboard Data Parsed Without Comprehensive Schema Validation
Issue,2026-05-24 09:32:11+00:00,sulthonzh,https://github.com/excalidraw/excalidraw/issues/11389,Security: Unsafe localStorage Type Coersion in Tab Synchronization
Pull request,2026-05-24 10:22:31+00:00,xonaib,https://github.com/excalidraw/excalidraw/pull/11390,fix: keep search results stable when elements move
Pull request,2026-05-24 10:31:58+00:00,xonaib,https://github.com/excalidraw/excalidraw/pull/11391,fix: update app title from scene name
Commit,2026-05-24 14:12:17+00:00,mtolmacs,https://github.com/excalidraw/excalidraw/commit/b42b1a193d5311d319861cd925ba89ca073ab2d4,fix(editor): excessive battery usage (#11377)
Pull request,2026-05-24 15:00:21+00:00,jaadu611,https://github.com/excalidraw/excalidraw/pull/11392,fix: secure tab sync against unsafe localStorage parsing
Pull request,2026-05-24 15:41:00+00:00,ohborny,https://github.com/excalidraw/excalidraw/pull/11393,feat: add shape templates sidebar with drag-and-drop
Pull request,2026-05-24 18:37:13+00:00,pbhopeful,https://github.com/excalidraw/excalidraw/pull/11394,fix(editor): don't treat pen pointer events as touchscreen
Pull request,2026-05-24 20:04:17+00:00,jaadu611,https://github.com/excalidraw/excalidraw/pull/11395,fix: harden tab synchronization localStorage parsing
Pull request,2026-05-24 21:10:03+00:00,jaadu611,https://github.com/excalidraw/excalidraw/pull/11396,"fix: security vulnerabilities in QR code, clipboard, iframe messages, avatars, and tab sync"
Pull request,2026-05-25 10:06:02+00:00,xonaib,https://github.com/excalidraw/excalidraw/pull/11397,fix: validate custom color hex input
Pull request,2026-05-25 10:13:07+00:00,dwelle,https://github.com/excalidraw/excalidraw/pull/11398,ci(docker): fix docker dep bundling and pin remaining actions
Pull request,2026-05-25 12:22:34+00:00,AhmedAl-Bahrawy,https://github.com/excalidraw/excalidraw/pull/11399,feat: Arabic font support with auto-switch and split font picker
Commit,2026-05-25 12:39:21+00:00,dwelle,https://github.com/excalidraw/excalidraw/commit/c08be69618dcac9386817bced03d2d79883e50b6,ci(docker): fix docker dep bundling and pin remaining actions (#11398)
Pull request,2026-05-25 18:03:45+00:00,sayedrisat,https://github.com/excalidraw/excalidraw/pull/11400,Fix Ctrl+F behavior inside help menu
Issue,2026-05-25 22:48:11+00:00,yonran,https://github.com/excalidraw/excalidraw/issues/11401,Can’t use Excalidraw context menu after native context menu using touchpad tap
Pull request,2026-05-26 00:32:45+00:00,BaileyBounnam,https://github.com/excalidraw/excalidraw/pull/11402,refactor: rename cleanAppStateForExport to clearAppStateForExport
Pull request,2026-05-26 02:23:27+00:00,rhcalderon93,https://github.com/excalidraw/excalidraw/pull/11403,feat: Rasterized Pen and Eraser
Issue,2026-05-26 08:08:25+00:00,pidanoyes,https://github.com/excalidraw/excalidraw/issues/11404,Add support for italic text
Pull request,2026-05-27 07:21:43+00:00,drewmendez,https://github.com/excalidraw/excalidraw/pull/11405,fix(editor): avoid rendering null in toolbar shortcut hover tooltip
Pull request,2026-05-27 15:25:32+00:00,Meahaa,https://github.com/excalidraw/excalidraw/pull/11407,feat(editor): inline ghost-text autocomplete while typing text
Pull request,2026-05-27 18:51:32+00:00,ragini-pandey,https://github.com/excalidraw/excalidraw/pull/11408,"fix: don't setPointerCapture for right-clicks, fixing context menu on macOS touchpad tap"
Pull request,2026-05-27 19:04:42+00:00,abhijeetgorhe26,https://github.com/excalidraw/excalidraw/pull/11409,fix: Make Left Properties Panel Draggable
Issue,2026-05-27 20:31:24+00:00,dannyyy,https://github.com/excalidraw/excalidraw/issues/11410,Support OAuth or query parameter for Excalidraw+ MCP access
Pull request,2026-05-28 13:04:27+00:00,xxiaoxiong,https://github.com/excalidraw/excalidraw/pull/11411,Improve Feedback: Display Error Message for Invalid Hexadecimal Color Codes
Pull request,2026-05-28 13:08:01+00:00,xxiaoxiong,https://github.com/excalidraw/excalidraw/pull/11412,fix: stabilize canvas search results list when dragging elements
Pull request,2026-05-28 13:09:07+00:00,xxiaoxiong,https://github.com/excalidraw/excalidraw/pull/11413,fix: prevent Ctrl+S browser save-as when editing text elements
Pull request,2026-05-28 13:18:29+00:00,xxiaoxiong,https://github.com/excalidraw/excalidraw/pull/11414,fix: allow Ctrl+F to open search when help dialog is open
Pull request,2026-05-28 18:19:58+00:00,abhijeetgorhe26,https://github.com/excalidraw/excalidraw/pull/11415,Fix: Add support for italic text (#11404)
Pull request,2026-05-29 02:13:19+00:00,xxiaoxiong,https://github.com/excalidraw/excalidraw/pull/11416,i18n: add Mongolian (mn-MN) translation
Pull request,2026-05-29 02:21:16+00:00,xxiaoxiong,https://github.com/excalidraw/excalidraw/pull/11417,fix: resolve z-index shortcut conflicts on macOS
Pull request,2026-05-29 10:47:03+00:00,krishhna24,https://github.com/excalidraw/excalidraw/pull/11419,test(editor): add unit tests for BinaryHeap
Pull request,2026-05-29 15:24:53+00:00,oyi77,https://github.com/excalidraw/excalidraw/pull/11420,fix: correct typos in code comments
Pull request,2026-05-29 21:34:25+00:00,TusharSariya,https://github.com/excalidraw/excalidraw/pull/11421,Terraform feature
Pull request,2026-05-30 01:08:41+00:00,TusharSariya,https://github.com/excalidraw/excalidraw/pull/11422,Terraform feature
Pull request,2026-05-30 16:37:48+00:00,victor-almeida-api4com,https://github.com/excalidraw/excalidraw/pull/11423,test: introduzindo mudanças com bugs para teste
Pull request,2026-05-31 04:34:06+00:00,Danyccsf,https://github.com/excalidraw/excalidraw/pull/11424,feat: add quick export button to top-right UI for improved accessibility
Pull request,2026-05-31 16:37:25+00:00,1795771535y-cell,https://github.com/excalidraw/excalidraw/pull/11425,fix: show error message for invalid hex color codes
Pull request,2026-06-01 07:05:34+00:00,rambip,https://github.com/excalidraw/excalidraw/pull/11426,fix(shadow-dom): load css into shadow-root
Pull request,2026-06-01 07:44:52+00:00,rambip,https://github.com/excalidraw/excalidraw/pull/11427,fix(canvas-offset): re-measure canvas offsets on every pointerdown
Pull request,2026-06-01 13:38:09+00:00,dwelle,https://github.com/excalidraw/excalidraw/pull/11429,feat(packages/excalidraw): export applyDarkModeFilter and simplify
Commit,2026-06-01 13:43:45+00:00,dwelle,https://github.com/excalidraw/excalidraw/commit/33721492771919e8569964fe0b034a9cf7f25955,feat(packages/excalidraw): export applyDarkModeFilter and simplify (#11429)
Pull request,2026-06-01 16:46:37+00:00,TusharSariya,https://github.com/excalidraw/excalidraw/pull/11430,Terraform feature
Pull request,2026-06-02 00:52:03+00:00,TusharSariya,https://github.com/excalidraw/excalidraw/pull/11431,Terraform feature
Pull request,2026-06-02 10:46:02+00:00,InukaWijerathna,https://github.com/excalidraw/excalidraw/pull/11432,fix: show error feedback for invalid hex color input
Issue,2026-06-02 11:32:09+00:00,darshankharabe-rgb,https://github.com/excalidraw/excalidraw/issues/11433,Artifcating of shape when zoomed in at 3000%
Issue,2026-06-02 15:01:28+00:00,PrasitSahu,https://github.com/excalidraw/excalidraw/issues/11434,feat: allow hiding/collapsing the element properties panel
Pull request,2026-06-02 15:58:10+00:00,PrasitSahu,https://github.com/excalidraw/excalidraw/pull/11435,feat: add shortcut to toggle element properties panel visibility
Pull request,2026-06-02 19:59:47+00:00,TusharSariya,https://github.com/excalidraw/excalidraw/pull/11436,Terraform feature
Issue,2026-06-02 21:33:53+00:00,Ziad102,https://github.com/excalidraw/excalidraw/issues/11437,Interprète
Pull request,2026-06-03 06:50:32+00:00,kaarude,https://github.com/excalidraw/excalidraw/pull/11438,fix: respect iOS safe area insets in fullscreen dialog (fixes #4833)
Issue,2026-06-04 12:26:18+00:00,zsviczian,https://github.com/excalidraw/excalidraw/issues/11439,Arrow missing from SVG export
Issue,2026-06-04 13:05:59+00:00,mehadiproman,https://github.com/excalidraw/excalidraw/issues/11440,Feature Request: Dedicated Highlighter / Marker Tool for Annotations and Note-Taking
Commit,2026-06-04 17:27:25+00:00,mtolmacs,https://github.com/excalidraw/excalidraw/commit/b6d80e4256e718d14b2dc173315fb524f473320c,fix(packages/excalidraw): consolidate bounds checks (#11275)
Pull request,2026-06-04 18:39:52+00:00,krishhna24,https://github.com/excalidraw/excalidraw/pull/11441,fix(editor): cardinal direction arrows with label are invisible in exported SVG
Pull request,2026-06-04 18:45:31+00:00,AniruthKarthik,https://github.com/excalidraw/excalidraw/pull/11442,feat: implement dedicated highlighter tool
Pull request,2026-06-05 15:28:19+00:00,Chakit22,https://github.com/excalidraw/excalidraw/pull/11444,fix: Remove texts based sorting based on y axis positioning
Pull request,2026-06-05 15:36:00+00:00,mtolmacs,https://github.com/excalidraw/excalidraw/pull/11445,fix(editor): Double history
Pull request,2026-06-05 18:29:22+00:00,ltabuada,https://github.com/excalidraw/excalidraw/pull/11446,add HTML-in-Canvas support for text rendering and rich paste
Pull request,2026-06-05 20:13:21+00:00,derinbarutcu17,https://github.com/excalidraw/excalidraw/pull/11447,fix(color-picker): display error for invalid hex color codes (#9527)
Pull request,2026-06-05 21:13:29+00:00,derinbarutcu17,https://github.com/excalidraw/excalidraw/pull/11448,fix: prevent browser save dialog when Ctrl+S is pressed in text editor (#9281)
Issue,2026-06-05 22:16:32+00:00,saravana080304-prog,https://github.com/excalidraw/excalidraw/issues/11449,finance tracker for simple
Issue,2026-06-06 01:55:55+00:00,xiaolouJB,https://github.com/excalidraw/excalidraw/issues/11450,域名白名单添加请求
Pull request,2026-06-06 03:25:34+00:00,rahatislamanik-spec,https://github.com/excalidraw/excalidraw/pull/11451,"Fix ""VScode"" to ""VS Code"" (proper product name)"
Issue,2026-06-06 09:52:22+00:00,WoodyWoodsta,https://github.com/excalidraw/excalidraw/issues/11452,Why does @excalidraw/excalidraw pin dependencies?
Pull request,2026-06-06 16:03:05+00:00,dwelle,https://github.com/excalidraw/excalidraw/pull/11453,feat(packages/excalidraw): consolidate theme state handling
Commit,2026-06-06 16:18:06+00:00,dwelle,https://github.com/excalidraw/excalidraw/commit/647a264a485a33bf1bf2cec9adcc8cc2151b253c,feat(packages/excalidraw): consolidate theme state handling (#11453)
Issue,2026-06-06 18:52:42+00:00,jatindavisDE,https://github.com/excalidraw/excalidraw/issues/11454,Discoverability issue with library
Pull request,2026-06-06 22:43:05+00:00,johnlarkin1,https://github.com/excalidraw/excalidraw/pull/11455,feat: add native table element
Pull request,2026-06-07 07:46:38+00:00,Ishaan02-Coder,https://github.com/excalidraw/excalidraw/pull/11456,Fixes: #10952: replaced the br tags which were visible in the diagram with new line
Pull request,2026-06-07 07:53:45+00:00,spandanareddib,https://github.com/excalidraw/excalidraw/pull/11457,feat: add emoji fallback font for consistent rendering
Commit,2026-06-07 17:19:44+00:00,krishhna24,https://github.com/excalidraw/excalidraw/commit/61fe15a51d1a74e5edd564b366889ea8789aec1c,fix(editor): cardinal direction arrows with label are invisible in exported SVG (#11441)
Pull request,2026-06-07 18:02:07+00:00,Danyccsf,https://github.com/excalidraw/excalidraw/pull/11458,fix(editor): ensure canvas is cleared when background color is invalid to prevent ghosting
Pull request,2026-06-07 19:58:33+00:00,Namrah-87,https://github.com/excalidraw/excalidraw/pull/11459,Add library to welcome screen
Pull request,2026-06-07 22:54:33+00:00,takabayashi,https://github.com/excalidraw/excalidraw/pull/11460,fix(editor): allow Tab arrow-type switching for bound and labeled arrows
Pull request,2026-06-08 01:00:48+00:00,stchigel,https://github.com/excalidraw/excalidraw/pull/11461,fix: Request persistent storage in order to prevent images from getting deleted from projects (fixes #11348)
Pull request,2026-06-08 03:00:50+00:00,matifaya,https://github.com/excalidraw/excalidraw/pull/11462,fix: make AREA_LIMIT device-aware to reduce high-zoom artifacting
Pull request,2026-06-08 03:49:33+00:00,matifaya,https://github.com/excalidraw/excalidraw/pull/11463,perf(renderer): add uniform-grid viewport culling to avoid O(N) scene…
Issue,2026-06-08 18:09:30+00:00,kamazeuci,https://github.com/excalidraw/excalidraw/issues/11464,Excalidraw created files location
Pull request,2026-06-08 23:50:57+00:00,ShubhamSoni09,https://github.com/excalidraw/excalidraw/pull/11465,fix(editor): keep canvas search results order stable (#9503)
Pull request,2026-06-09 02:25:02+00:00,cunha-luiss,https://github.com/excalidraw/excalidraw/pull/11466,Feat: create the implementation of Italic text
Pull request,2026-06-09 07:41:57+00:00,tom-xs,https://github.com/excalidraw/excalidraw/pull/11467,docs: fix broken links on documentation
Pull request,2026-06-09 15:23:03+00:00,yunho09,https://github.com/excalidraw/excalidraw/pull/11468,fix: show feedback for invalid color input
Issue,2026-06-09 16:30:04+00:00,dventuri,https://github.com/excalidraw/excalidraw/issues/11469,"[Bug / Regression] ""Open link"" from context menu opens in the active tab instead of a new tab"
Pull request,2026-06-10 04:29:58+00:00,augustocbx,https://github.com/excalidraw/excalidraw/pull/11470,fix(editor): narrow `NonDeleted` type to `isDeleted: false`
Commit,2026-06-10 15:12:42+00:00,krishhna24,https://github.com/excalidraw/excalidraw/commit/0cf56b19c79a28dda52f0dcb1c5392ed19cb5fcd,test(editor): add unit tests for BinaryHeap (#11419)
Pull request,2026-06-10 19:08:40+00:00,iblamesurya,https://github.com/excalidraw/excalidraw/pull/11472,fix: display error message for invalid hex color codes (#9527)
Pull request,2026-06-11 10:48:16+00:00,augustocbx,https://github.com/excalidraw/excalidraw/pull/11473,fix(editor): recalculate roundness type when switching shape types
Pull request,2026-06-11 13:22:04+00:00,k88936,https://github.com/excalidraw/excalidraw/pull/11474,feat(editor): animated images support
Commit,2026-06-11 17:17:15+00:00,augustocbx,https://github.com/excalidraw/excalidraw/commit/a83ac488536dbf4bc4dcf1f472f72ce3b4bd2073,fix(editor): recalculate roundness type when switching shape types (#11473)
Pull request,2026-06-11 19:40:35+00:00,Meahaa,https://github.com/excalidraw/excalidraw/pull/11475,feat: add hand-drawn marketing landing page
Issue,2026-06-11 23:30:19+00:00,Jonasssso,https://github.com/excalidraw/excalidraw/issues/11476,Pen cursor not visible on background
Issue,2026-06-12 12:01:14+00:00,xoyojank,https://github.com/excalidraw/excalidraw/issues/11477,Missing localization keys
Issue,2026-06-12 12:19:32+00:00,ccw-morris,https://github.com/excalidraw/excalidraw/issues/11478,Potentially insulting random names are still occurring
Issue,2026-06-12 15:39:37+00:00,cTangonan123,https://github.com/excalidraw/excalidraw/issues/11479,[Bug] Alt resize changes positioning on vertical transforms
Pull request,2026-06-12 15:51:55+00:00,cTangonan123,https://github.com/excalidraw/excalidraw/pull/11480,fix(editor): keep multi-line bound text and container centered during alt resize
Issue,2026-06-12 17:44:57+00:00,Danyccsf,https://github.com/excalidraw/excalidraw/issues/11481,[Proposal] Add Vitest Contributor Guide for Testing and Coverage Workflow
Pull request,2026-06-12 17:48:22+00:00,ashmitmittal,https://github.com/excalidraw/excalidraw/pull/11482,"fix(app,packages/excalidraw): bump @excalidraw/random-username to 1.2.0"
Pull request,2026-06-13 06:15:55+00:00,Chakit22,https://github.com/excalidraw/excalidraw/pull/11483,fix: show error for invalid hex colors
Pull request,2026-06-13 09:24:10+00:00,Chakit22,https://github.com/excalidraw/excalidraw/pull/11484,feat: add search to help dialog shortcuts
Pull request,2026-06-13 15:12:32+00:00,dwelle,https://github.com/excalidraw/excalidraw/pull/11485,fix(editor): elements duplicated when moving frame children
Pull request,2026-06-13 17:46:11+00:00,dimateos,https://github.com/excalidraw/excalidraw/pull/11486,fix: drop between frames bug
Issue,2026-06-13 17:54:49+00:00,dimateos,https://github.com/excalidraw/excalidraw/issues/11487,BUG: Moving content from one frame to another directly is bugged
Commit,2026-06-13 18:32:45+00:00,dwelle,https://github.com/excalidraw/excalidraw/commit/b324a85ab1c53d1a96b351cdb4e9292cd41cab6d,fix(editor): elements duplicated when moving frame children (#11485)
Pull request,2026-06-13 18:44:01+00:00,viniciuspdre,https://github.com/excalidraw/excalidraw/pull/11488,feat(editor): show distance labels on spacing guides (#11273)
Pull request,2026-06-13 18:45:38+00:00,viniciuspdre,https://github.com/excalidraw/excalidraw/pull/11489,feat(editor): zoom with middle mouse wheel (#10609)
Pull request,2026-06-13 20:32:59+00:00,dwelle,https://github.com/excalidraw/excalidraw/pull/11490,fix(editor): update `element.frameId` on frame change
Commit,2026-06-13 20:39:04+00:00,dwelle,https://github.com/excalidraw/excalidraw/commit/069982606dd7178c13e6c2293ede756c6767d3bc,fix(editor): update `element.frameId` on frame change (#11490)
Pull request,2026-06-14 12:17:17+00:00,dwelle,https://github.com/excalidraw/excalidraw/pull/11491,feat(editor): remove non-overlapping frame children on restore
Pull request,2026-06-14 12:51:03+00:00,zsviczian,https://github.com/excalidraw/excalidraw/pull/11492,fix(editor): Arrows with text are rendered blurry in PNG export with larger scale
Issue,2026-06-14 13:38:14+00:00,scztt,https://github.com/excalidraw/excalidraw/issues/11493,Whitelist whyp.it for web embed
Issue,2026-06-14 14:00:00+00:00,prvncodz,https://github.com/excalidraw/excalidraw/issues/11494,"[FEAT]: Text formatting (color, font, size, bold, italic) applies to entire text box instead of selected text only"
Pull request,2026-06-14 14:43:11+00:00,scztt,https://github.com/excalidraw/excalidraw/pull/11495,feat(editor): add whyp.it to embeddable URL whitelist
Pull request,2026-06-14 20:28:03+00:00,distelbus-svg,https://github.com/excalidraw/excalidraw/pull/11496,fix(packages/excalidraw): harvest coalesced pointer events for stylus input
Issue,2026-06-14 21:34:03+00:00,T3sT3ro,https://github.com/excalidraw/excalidraw/issues/11497,"Freeze after an an unknown user action created an ""infinite line"""
Pull request,2026-06-15 00:51:31+00:00,flora131,https://github.com/excalidraw/excalidraw/pull/11498,fix: allow round arrows inside start container
Pull request,2026-06-15 02:30:32+00:00,ATMmonitor667,https://github.com/excalidraw/excalidraw/pull/11499,feat(editor): show inline error for invalid color input (#9527)
Issue,2026-06-15 07:00:44+00:00,javadshariati-tiddev,https://github.com/excalidraw/excalidraw/issues/11500,"error peer react@""^16.8 || ^17.0 || ^18.0"""
Issue,2026-06-15 09:55:39+00:00,martin-c,https://github.com/excalidraw/excalidraw/issues/11501,[Proposal] Let MCP server filter out deleted elements
Pull request,2026-06-15 12:25:47+00:00,dhanushkumar-amk,https://github.com/excalidraw/excalidraw/pull/11502,"fix: text formatting applies to selected text only, not entire text box"
Pull request,2026-06-15 13:30:25+00:00,heyrobertchang,https://github.com/excalidraw/excalidraw/pull/11503,fix(editor): z-order shortcuts conflict with Alt modifier on macOS
Pull request,2026-06-15 14:24:23+00:00,heyrobertchang,https://github.com/excalidraw/excalidraw/pull/11504,fix(app): stop idle detection when collaboration ends
Pull request,2026-06-15 16:13:49+00:00,dwelle,https://github.com/excalidraw/excalidraw/pull/11505,test(repo): less noisy test output
Commit,2026-06-15 16:19:08+00:00,mtolmacs,https://github.com/excalidraw/excalidraw/commit/1cb9fff569b62d717d70f812f797a2e6235a24fd,fix(editor): Double history (#11445)
Commit,2026-06-15 16:19:20+00:00,dwelle,https://github.com/excalidraw/excalidraw/commit/28a9b1711dc0625b8ab5d643dc871810ee13642f,test(repo): less noisy test output (#11505)
Pull request,2026-06-15 17:10:36+00:00,biubiukam,https://github.com/excalidraw/excalidraw/pull/11506,fix(editor): avoid grid snapping during rotation
Pull request,2026-06-15 17:25:38+00:00,mtolmacs,https://github.com/excalidraw/excalidraw/pull/11507,feat(editor): constant-width freedraw + reduced stroke width
Issue,2026-06-15 18:37:50+00:00,NandavardhanRadhakrishnan,https://github.com/excalidraw/excalidraw/issues/11508,Feature Request: Faster node/tree creation workflow
Pull request,2026-06-16 00:35:43+00:00,rus-artur4ik,https://github.com/excalidraw/excalidraw/pull/11509,feat: add local revision history timeline
Pull request,2026-06-16 07:09:41+00:00,Gdhanush-13,https://github.com/excalidraw/excalidraw/pull/11510,fix: show error feedback for invalid hex color input
Pull request,2026-06-16 11:45:30+00:00,chuysmans,https://github.com/excalidraw/excalidraw/pull/11511,feat: add star shape tool to the toolbar
Pull request,2026-06-16 16:56:35+00:00,anktrj,https://github.com/excalidraw/excalidraw/pull/11512,feat(excalidraw-app): Supabase-backed sync with single-writer/multi-reader
Issue,2026-06-16 19:18:35+00:00,aviv-barel,https://github.com/excalidraw/excalidraw/issues/11513,excelidraw screen is all over the screen - can't coe on leetcode or oop exercises
Pull request,2026-06-16 20:36:16+00:00,lucasetculbra,https://github.com/excalidraw/excalidraw/pull/11514,fix(color-picker): show feedback for invalid hex color input
Issue,2026-06-17 03:40:23+00:00,loushan,https://github.com/excalidraw/excalidraw/issues/11515,Cannot generate subgraphs of Excalidraw using Mermaid text
Pull request,2026-06-17 04:26:17+00:00,chuysmans,https://github.com/excalidraw/excalidraw/pull/11516,feat: add star shape tool to toolbar
Pull request,2026-06-17 17:37:14+00:00,madisonicus,https://github.com/excalidraw/excalidraw/pull/11517,fix(editor): resolve z-index shortcut conflict on macOS
Pull request,2026-06-17 18:18:58+00:00,kieranklaassen,https://github.com/excalidraw/excalidraw/pull/11518,feat(editor): add freedraw brush personalities
Pull request,2026-06-17 19:45:39+00:00,lundjrl,https://github.com/excalidraw/excalidraw/pull/11519,Update docker-compose to docker compose in docs
Pull request,2026-06-18 05:21:25+00:00,chuysmans,https://github.com/excalidraw/excalidraw/pull/11520,Feat/cursor 201 governance scaffold
Issue,2026-06-18 06:19:42+00:00,jchebet408-droid,https://github.com/excalidraw/excalidraw/issues/11521,Wise Financial Consultancy
Issue,2026-06-18 11:54:49+00:00,Seemlinsky,https://github.com/excalidraw/excalidraw/issues/11522,Add optional export readiness warnings for common scene issues
Issue,2026-06-18 20:07:42+00:00,Sam-IT-Support,https://github.com/excalidraw/excalidraw/issues/11523,Resume
Pull request,2026-06-19 02:02:00+00:00,ThomasPinella,https://github.com/excalidraw/excalidraw/pull/11524,Cursor/hex input feedback (FALLBACK)
Pull request,2026-06-19 14:52:59+00:00,algojogacor,https://github.com/excalidraw/excalidraw/pull/11525,fix: prevent canvas search when dialog is open
Pull request,2026-06-19 21:43:55+00:00,ardittirana,https://github.com/excalidraw/excalidraw/pull/11526,fix: don't snap rotation to the grid (#4057)
Pull request,2026-06-20 08:25:27+00:00,njtan142,https://github.com/excalidraw/excalidraw/pull/11527,fix: bump node version to 20 due to incompatible module marked@16.4.2
Pull request,2026-06-20 15:18:23+00:00,bartekbp,https://github.com/excalidraw/excalidraw/pull/11528,"docs: extend CLAUDE.md with more detail, architecture, and nested memory files"
Pull request,2026-06-21 08:47:05+00:00,teddymalhan,https://github.com/excalidraw/excalidraw/pull/11529,feat: add syntax highlighting to code in text block
Pull request,2026-06-21 12:43:34+00:00,0-mstrmind,https://github.com/excalidraw/excalidraw/pull/11530,feat: Replace stroke width presets with slider
Pull request,2026-06-21 16:11:23+00:00,BIGSUS24,https://github.com/excalidraw/excalidraw/pull/11531,"docs: fix duplicated ""the the"" typo in API docs and code comment"
Pull request,2026-06-22 09:31:02+00:00,minato32,https://github.com/excalidraw/excalidraw/pull/11532,fix(editor): avoid overlap of flowchart children
Pull request,2026-06-22 10:20:17+00:00,minato32,https://github.com/excalidraw/excalidraw/pull/11533,fix: keep documentElement overscroll disabled while editor is mounted (#5588)
Pull request,2026-06-22 13:14:57+00:00,mtolmacs,https://github.com/excalidraw/excalidraw/pull/11534,feat(editor): rounding coordinates
Pull request,2026-06-22 14:13:46+00:00,minato32,https://github.com/excalidraw/excalidraw/pull/11535,fix: keep vertical center anchored when alt-resizing bound text container
Commit,2026-06-22 16:22:26+00:00,zsviczian,https://github.com/excalidraw/excalidraw/commit/0642e72cfa2d9a71198200e52f37399384610ee3,fix(editor): Arrows with text are rendered blurry in PNG export with larger scale (#11492)
Pull request,2026-06-22 18:06:29+00:00,knowald,https://github.com/excalidraw/excalidraw/pull/11536,fix(editor): two-finger pinch-to-zoom works in pen mode
Pull request,2026-06-22 18:13:47+00:00,knowald,https://github.com/excalidraw/excalidraw/pull/11537,fix(repo): remove deprecated public property from vercel.json
Issue,2026-06-22 22:53:48+00:00,nibiru2010-sys,https://github.com/excalidraw/excalidraw/issues/11539,Add Layers feature + port MCP server into monorepo with full HTTP layer API
Pull request,2026-06-23 07:59:27+00:00,Arisch24,https://github.com/excalidraw/excalidraw/pull/11540,fix(popover): correctly position context menu in editor modal
Issue,2026-06-23 08:02:49+00:00,zsjnhfg,https://github.com/excalidraw/excalidraw/issues/11541,请求支持LDAP接入
Pull request,2026-06-23 13:08:11+00:00,quitrk,https://github.com/excalidraw/excalidraw/pull/11542,Feat/storage token provider
Pull request,2026-06-23 13:25:06+00:00,rus-artur4ik,https://github.com/excalidraw/excalidraw/pull/11543,feat: shared collaborative revision history
Pull request,2026-06-23 15:27:34+00:00,TyroniUA,https://github.com/excalidraw/excalidraw/pull/11544,Plan: transaction-layer-proposal
Pull request,2026-06-23 16:34:02+00:00,grimor,https://github.com/excalidraw/excalidraw/pull/11545,(feat: editor) add an editor transaction system
Pull request,2026-06-23 17:49:04+00:00,TusharSariya,https://github.com/excalidraw/excalidraw/pull/11546,Rag self improve campaign
Issue,2026-06-23 20:55:20+00:00,IvanGerr,https://github.com/excalidraw/excalidraw/issues/11547,RU translation is bulling me? What? >:o
Issue,2026-06-24 00:04:31+00:00,yukino-yosei,https://github.com/excalidraw/excalidraw/issues/11548,Please resolve the capacity exceeding issue
Commit,2026-06-24 07:16:22+00:00,mtolmacs,https://github.com/excalidraw/excalidraw/commit/cd514d72d6350082c7f173f7147607c7dc4cb523,feat(editor): LaserPointer based freedraw (#11507)
Pull request,2026-06-24 07:21:45+00:00,dwelle,https://github.com/excalidraw/excalidraw/pull/11549,refactor(editor): strokeWidth constants refactor
Pull request,2026-06-24 08:07:49+00:00,mtolmacs,https://github.com/excalidraw/excalidraw/pull/11550,fix(editor): Freedraw hit test precision
Pull request,2026-06-24 09:26:37+00:00,dwelle,https://github.com/excalidraw/excalidraw/pull/11551,fix(editor): tweak freedraw settings and tablet UI/UX
Pull request,2026-06-24 10:25:34+00:00,mtolmacs,https://github.com/excalidraw/excalidraw/pull/11552,fix(editor): Modern TS require imports from rootDir
Commit,2026-06-24 10:52:56+00:00,mtolmacs,https://github.com/excalidraw/excalidraw/commit/070df27e4d18cdc9265c9a9692089fe90b6019da,fix(editor): Modern TS require imports from rootDir (#11552)
Commit,2026-06-24 14:59:10+00:00,dwelle,https://github.com/excalidraw/excalidraw/commit/2a82821ec5970691199e1ffc6a49ac31f311ab59,fix(editor): tweak freedraw settings and tablet UI/UX (#11551)
Pull request,2026-06-24 17:45:50+00:00,mtolmacs,https://github.com/excalidraw/excalidraw/pull/11553,feat(editor): AnimationController for scrollToContent
Pull request,2026-06-24 17:47:06+00:00,mtolmacs,https://github.com/excalidraw/excalidraw/pull/11554,feat(packages/excalidraw): viewport locking
Issue,2026-06-25 12:00:05+00:00,nevanlowe,https://github.com/excalidraw/excalidraw/issues/11555,Feature request: drawing/editing synchronization during presentations
Pull request,2026-06-25 15:06:02+00:00,minato32,https://github.com/excalidraw/excalidraw/pull/11556,fix(editor): prevent freeze from extremely large line elements
Issue,2026-06-25 17:59:34+00:00,dwelle,https://github.com/excalidraw/excalidraw/issues/11557,dynamic stroke width scaling based on zoom
Commit,2026-06-25 18:06:02+00:00,minato32,https://github.com/excalidraw/excalidraw/commit/20f694d110d1e9048a7037ce84a82eb50d84e9dd,fix(editor): prevent freeze from extremely large line elements (#11556)
Pull request,2026-06-25 19:51:38+00:00,BIGSUS24,https://github.com/excalidraw/excalidraw/pull/11558,feat: show error message for invalid hex color codes in color picker
Issue,2026-06-25 21:19:04+00:00,parthkotwal,https://github.com/excalidraw/excalidraw/issues/11559,Pasting a copied/cut shape into an active text box inserts raw excalidraw/clipboard JSON
Pull request,2026-06-26 07:29:42+00:00,minato32,https://github.com/excalidraw/excalidraw/pull/11560,fix: add contrast halo to laser pointer cursor in light theme
Commit,2026-06-26 07:35:32+00:00,mtolmacs,https://github.com/excalidraw/excalidraw/commit/e4c70cb6c6493c816da94ec23188321854296e64,feat(editor): AnimationController for scrollToContent (#11553)
Pull request,2026-06-26 07:40:26+00:00,minato32,https://github.com/excalidraw/excalidraw/pull/11561,fix: group chart elements on paste so align doesn't collapse them
Pull request,2026-06-26 07:41:54+00:00,dwelle,https://github.com/excalidraw/excalidraw/pull/11562,fix(editor): improve scroll animation interpolation
Pull request,2026-06-26 07:52:31+00:00,minato32,https://github.com/excalidraw/excalidraw/pull/11563,fix: fall back to download when native save picker is blocked
Commit,2026-06-26 07:56:12+00:00,dwelle,https://github.com/excalidraw/excalidraw/commit/c070c8ffa62c4c88d48f33fd18a7a40d55bb808a,fix(editor): improve scroll animation interpolation (#11562)
Commit,2026-06-26 20:59:17+00:00,Danyccsf,https://github.com/excalidraw/excalidraw/commit/4ce70b815eccbe684866f83d2dcbcba8fc8a97a6,fix(editor): ensure canvas is cleared when background color is invalid to prevent ghosting (#11458)
Pull request,2026-06-27 04:56:10+00:00,InukaWijerathna,https://github.com/excalidraw/excalidraw/pull/11564,fix: match PWA splash background_color to theme_color
Pull request,2026-06-27 16:28:02+00:00,anmolxlight,https://github.com/excalidraw/excalidraw/pull/11565,fix: align action removes elements from containing frame (#6851)
Pull request,2026-06-27 23:12:24+00:00,j4v1,https://github.com/excalidraw/excalidraw/pull/11566,fix(app): increase service worker cache limit to 3MB
Issue,2026-06-27 23:12:54+00:00,j4v1,https://github.com/excalidraw/excalidraw/issues/11567,Service worker cache limit too low — large assets skipped
Pull request,2026-06-27 23:41:32+00:00,Seemlinsky,https://github.com/excalidraw/excalidraw/pull/11568,Add export readiness warnings
Issue,2026-06-28 04:30:13+00:00,jithu2111,https://github.com/excalidraw/excalidraw/issues/11569,Command palette shows a mix of two languages after switching language back and forth
Pull request,2026-06-28 06:12:44+00:00,jithu2111,https://github.com/excalidraw/excalidraw/pull/11570,fix(editor): command palette shows mixed languages after switching la…
Pull request,2026-06-28 14:25:21+00:00,anviik,https://github.com/excalidraw/excalidraw/pull/11571,fix(editor): keep eraser shortcut consistent with tool switch rules
Pull request,2026-06-28 21:19:56+00:00,rohit-simbanic,https://github.com/excalidraw/excalidraw/pull/11572,fix(editor): resolve React 19 peer dependency warnings by upgrading radix-ui to 1.6.0
Pull request,2026-06-28 22:13:27+00:00,mahirhir,https://github.com/excalidraw/excalidraw/pull/11573,fix(editor): ignore IME composition keys in search navigation
Issue,2026-06-29 04:56:07+00:00,miraclemanza,https://github.com/excalidraw/excalidraw/issues/11574,Feature request: Export draft templates as PowerPoint files
Pull request,2026-06-29 06:43:15+00:00,Navas20,https://github.com/excalidraw/excalidraw/pull/11575,feat: display error message for invalid hex color codes
Pull request,2026-06-29 07:38:40+00:00,minato32,https://github.com/excalidraw/excalidraw/pull/11576,fix: crash when shift-deselecting a group alongside individual elements
Commit,2026-06-29 08:04:08+00:00,anviik,https://github.com/excalidraw/excalidraw/commit/cce5001aaafe0286855984cf1b4e154b6ce86754,fix(editor): keep eraser shortcut consistent with tool switch rules (#11571)
Pull request,2026-06-29 08:06:21+00:00,minato32,https://github.com/excalidraw/excalidraw/pull/11577,fix: allow canvas wheel pan/zoom while editing a frame name
Pull request,2026-06-29 08:27:07+00:00,minato32,https://github.com/excalidraw/excalidraw/pull/11578,fix: coerce restored `collaborators` to a Map
Pull request,2026-06-29 19:08:30+00:00,Navas20,https://github.com/excalidraw/excalidraw/pull/11580,fix: case-insensitive keyTest for save shortcut to prevent browser save dialog when editing text (#9281)
Pull request,2026-06-29 22:05:07+00:00,DawsonLind,https://github.com/excalidraw/excalidraw/pull/11581,feat: add 5-point star shape tool (DEMO-6)
Pull request,2026-06-30 00:00:13+00:00,Navas20,https://github.com/excalidraw/excalidraw/pull/11582,feat: show toast when shape tool is deactivated via Esc (#9541)
Pull request,2026-06-30 00:14:17+00:00,adonisoliveiradasilva,https://github.com/excalidraw/excalidraw/pull/11583,Feature/code smells
Pull request,2026-06-30 00:17:31+00:00,Navas20,https://github.com/excalidraw/excalidraw/pull/11584,fix: delete multi-point element when cancelled via Esc to prevent persistence on remote clients (#9467)
Issue,2026-06-30 01:51:01+00:00,omavashia2005,https://github.com/excalidraw/excalidraw/issues/11585,"Feature Request: Add ""Convert Shape"" option for existing shapes"
Issue,2026-06-30 11:17:27+00:00,faon-92,https://github.com/excalidraw/excalidraw/issues/11586,embed slides
Pull request,2026-06-30 14:21:03+00:00,omavashia2005,https://github.com/excalidraw/excalidraw/pull/11587,feat: adding shape conversion (#11585)
Pull request,2026-07-01 19:19:44+00:00,adonisoliveiradasilva,https://github.com/excalidraw/excalidraw/pull/11588,chore(app): adiciona cache node no ci cd
Pull request,2026-07-02 06:46:56+00:00,Mythrayee12,https://github.com/excalidraw/excalidraw/pull/11589,fix(i18n): fallback to key path for missing translations
Issue,2026-07-02 11:17:32+00:00,sparklumina,https://github.com/excalidraw/excalidraw/issues/11590,Attention:what is different from sparklumina
Issue,2026-07-02 20:51:49+00:00,DougInAMug,https://github.com/excalidraw/excalidraw/issues/11591,Arrow label text background color changes on export
Issue,2026-07-03 04:46:46+00:00,RushilJalal,https://github.com/excalidraw/excalidraw/issues/11593,Blinking Text Cursor line not visible when center text align enabled
Issue,2026-07-03 17:32:47+00:00,gitgud5000,https://github.com/excalidraw/excalidraw/issues/11594,[Feature Request]: Improve organization and searchability of downloaded items/scripts
Commit,2026-07-03 20:57:47+00:00,mtolmacs,https://github.com/excalidraw/excalidraw/commit/51ca8abde450e44f8f0db1b2708e0408915c7ab1,feat(packages/excalidraw): viewport locking (#11554)
Pull request,2026-07-04 03:48:58+00:00,Calvin-Schmeichel,https://github.com/excalidraw/excalidraw/pull/11596,docs: Updated docker-compose command to use new syntax
Pull request,2026-07-04 08:02:48+00:00,rrafifnanda,https://github.com/excalidraw/excalidraw/pull/11597,fix: display error message for invalid hex color codes (#9527)
Issue,2026-07-04 19:09:09+00:00,cms103,https://github.com/excalidraw/excalidraw/issues/11598,No ability to change text shape when editing on Android tablet
Pull request,2026-07-05 07:23:10+00:00,dwelle,https://github.com/excalidraw/excalidraw/pull/11600,fix(editor): revert viewport animation back to 500ms
Commit,2026-07-05 07:45:59+00:00,dwelle,https://github.com/excalidraw/excalidraw/commit/5b0f5a4c2da21e62c6b8cc8ed3da0d3715f11d82,fix(editor): revert viewport animation back to 500ms (#11600)
Pull request,2026-07-05 11:28:13+00:00,tothatt81,https://github.com/excalidraw/excalidraw/pull/11601,feat(packages/excalidraw): Extended fonts support
Issue,2026-07-05 16:16:55+00:00,maluthdit1234-bit,https://github.com/excalidraw/excalidraw/issues/11602,Forlan Pay
Issue,2026-07-05 16:18:06+00:00,maluthdit1234-bit,https://github.com/excalidraw/excalidraw/issues/11603,FORLAN PAY
Pull request,2026-07-05 16:29:02+00:00,dwelle,https://github.com/excalidraw/excalidraw/pull/11604,fix(editor): optimize UI rendering during animation
Commit,2026-07-05 16:44:26+00:00,dwelle,https://github.com/excalidraw/excalidraw/commit/9357f98a9b6c4f8af3ada6ccce38e54330f2627c,fix(editor): optimize UI rendering during animation (#11604)
Pull request,2026-07-05 20:22:24+00:00,dwelle,https://github.com/excalidraw/excalidraw/pull/11605,feat(packages/excalidraw): interaction and UI control
Pull request,2026-07-06 09:24:30+00:00,DataVoyager-Aditya,https://github.com/excalidraw/excalidraw/pull/11606,fix: don't fill arrow label area with background color on export (#11591)
Pull request,2026-07-06 14:21:59+00:00,mtolmacs,https://github.com/excalidraw/excalidraw/pull/11607,fix(editor): Very small bindables can blow up fixedPoint -> position ratio
Pull request,2026-07-06 17:13:31+00:00,dwelle,https://github.com/excalidraw/excalidraw/pull/11608,feat(editor): show cursor hint when switching arrow types
Issue,2026-07-07 01:20:32+00:00,DustinX,https://github.com/excalidraw/excalidraw/issues/11609,No documentation that [shift] + drag causes 'snap' behavior
Pull request,2026-07-07 02:04:21+00:00,ezecodenaut,https://github.com/excalidraw/excalidraw/pull/11610,fix(editor): preserve text editor focus when switching tabs
Pull request,2026-07-07 06:50:29+00:00,lukethemiller-zs,https://github.com/excalidraw/excalidraw/pull/11612,Rebrand the app with Adobe corporate identity and add brainstorm mode.
Issue,2026-07-07 06:54:15+00:00,pengfangyi91-png,https://github.com/excalidraw/excalidraw/issues/11613,"After uploading the image to the excalicord, the image loses clarity and the colors become washed out."
Pull request,2026-07-07 07:26:16+00:00,lukethemiller-zs,https://github.com/excalidraw/excalidraw/pull/11614,Change toolbar colour
Commit,2026-07-07 10:55:32+00:00,dwelle,https://github.com/excalidraw/excalidraw/commit/aaa14e9df6ba85a19baa52e8378d7b54f9a542f3,feat(editor): show cursor hint when switching arrow types (#11608)
Pull request,2026-07-07 12:05:38+00:00,dwelle,https://github.com/excalidraw/excalidraw/pull/11615,feat(editor): dblclick to toggle arrowhead
Pull request,2026-07-07 12:19:32+00:00,lukethemiller-zs,https://github.com/excalidraw/excalidraw/pull/11616,Change highlight
Commit,2026-07-07 12:22:21+00:00,dwelle,https://github.com/excalidraw/excalidraw/commit/b2a729c400573768c9da323674c732f8668b805d,feat(editor): dblclick to toggle arrowhead (#11615)
Pull request,2026-07-07 12:37:13+00:00,ajvalenty,https://github.com/excalidraw/excalidraw/pull/11617,feat(excalidraw): add random color button to color picker
Commit,2026-07-07 14:22:31+00:00,augustocbx,https://github.com/excalidraw/excalidraw/commit/dd8296af1802d4920a645591e0de88b9272745fa,fix(editor): narrow `NonDeleted` type to `isDeleted: false` (#11470)
Pull request,2026-07-07 15:00:56+00:00,mtolmacs,https://github.com/excalidraw/excalidraw/pull/11618,feat(editor): Element schema versioning
Pull request,2026-07-07 15:33:29+00:00,mtolmacs,https://github.com/excalidraw/excalidraw/pull/11619,chore(editor): Resize refactor
Pull request,2026-07-07 15:35:41+00:00,mtolmacs,https://github.com/excalidraw/excalidraw/pull/11620,chore(editor): Extract resize from App.tsx
Pull request,2026-07-07 18:09:07+00:00,mtolmacs,https://github.com/excalidraw/excalidraw/pull/11622,feat(editor): Linear element excision (2)
Issue,2026-07-07 18:50:18+00:00,Must2343,https://github.com/excalidraw/excalidraw/issues/11624,Canvas drag (hand/pan) breaks drawing tools and pointer input until page reload (XP-Pen Deco V2 on macOS)
Pull request,2026-07-07 19:27:42+00:00,mtolmacs,https://github.com/excalidraw/excalidraw/pull/11625,feat(editor): Text excision fomr App class (3)
Commit,2026-07-07 20:37:30+00:00,excalibot,https://github.com/excalidraw/excalidraw/commit/ba0387d186b361d8d9a2390f396cb17527073442,chore(editor): Update translations from Crowdin (#10731)
Pull request,2026-07-07 22:20:17+00:00,ioliveros,https://github.com/excalidraw/excalidraw/pull/11626,fix: PWA build step caps precache max size
Pull request,2026-07-08 02:38:37+00:00,Mulugeta70,https://github.com/excalidraw/excalidraw/pull/11627,fix: show error message for invalid hex color codes in color picker
Pull request,2026-07-08 06:22:41+00:00,mtolmacs,https://github.com/excalidraw/excalidraw/pull/11628,feat(editor): Excised selection & dragging (4)
Issue,2026-07-08 09:27:15+00:00,faon-92,https://github.com/excalidraw/excalidraw/issues/11629,add open-source LXGW font
Commit,2026-07-08 10:20:30+00:00,mtolmacs,https://github.com/excalidraw/excalidraw/commit/8462bb81fb489630330bf5824f9a404b016ce178,fix(editor): Very small bindables can blow up fixedPoint -> position ratio (#11607)
Pull request,2026-07-08 11:17:54+00:00,mtolmacs,https://github.com/excalidraw/excalidraw/pull/11630,fix(editor): Hit cache soundness
Pull request,2026-07-08 11:20:32+00:00,mtolmacs,https://github.com/excalidraw/excalidraw/pull/11631,fix(editor): Diamond hit test shortcut
Pull request,2026-07-08 12:20:36+00:00,mtolmacs,https://github.com/excalidraw/excalidraw/pull/11632,chore(editor): Refactor Actions for clarity
Pull request,2026-07-08 17:56:29+00:00,mtolmacs,https://github.com/excalidraw/excalidraw/pull/11633,fix(editor): Fix binding.test.ts type mismatch
Pull request,2026-07-08 18:18:19+00:00,cTangonan123,https://github.com/excalidraw/excalidraw/pull/11634,fix: temp type coercion on binding test
Commit,2026-07-08 18:20:01+00:00,mtolmacs,https://github.com/excalidraw/excalidraw/commit/fbff832424d08f7edff2f91c5aaa81d4fb56d6b5,fix(editor): Fix binding.test.ts type mismatch (#11633)
Pull request,2026-07-08 20:24:52+00:00,soy-chrislo,https://github.com/excalidraw/excalidraw/pull/11635,fix: show helpful error message on filesystem permission error (fixes #5951)
Pull request,2026-07-08 20:58:33+00:00,cTangonan123,https://github.com/excalidraw/excalidraw/pull/11636,chore(editor): streamline getSelectedElementsByGroup
Pull request,2026-07-08 21:08:16+00:00,dwelle,https://github.com/excalidraw/excalidraw/pull/11637,fix(editor): arrow label rendering fixes and perf improvements
Commit,2026-07-08 21:13:01+00:00,dwelle,https://github.com/excalidraw/excalidraw/commit/063e0256f5f8654aec1c88a2822caedcd3bab4f3,fix(editor): arrow label rendering fixes and perf improvements (#11637)
Issue,2026-07-09 06:28:00+00:00,RKV-07,https://github.com/excalidraw/excalidraw/issues/11638,feature : Simple preference color saver for different  Tools
Commit,2026-07-09 09:41:13+00:00,dwelle,https://github.com/excalidraw/excalidraw/commit/f790bf7abdba43cda99440bdc74ba19cb338ea27,feat(editor): tweak sidebar promo style (#11181)
Commit,2026-07-09 11:02:19+00:00,cTangonan123,https://github.com/excalidraw/excalidraw/commit/adf963199762e5675811f3fbae779625ca7d0ba3,fix(editor): keep multi-line bound text and container centered during alt resize (#11480)
Issue,2026-07-09 11:16:38+00:00,bbqboogiedwonsen,https://github.com/excalidraw/excalidraw/issues/11639,EXCALIDRAW_ASSET_PATH ignored for runtime font loading (0.18.1) — fonts always fetch esm.sh fallback
Issue,2026-07-10 09:19:28+00:00,Phoebexie2026,https://github.com/excalidraw/excalidraw/issues/11640,excalidraw录制卡顿问题
Commit,2026-07-10 09:19:44+00:00,mtolmacs,https://github.com/excalidraw/excalidraw/commit/3b9e1c07f5d32ee11c327dc006f2050ffc6eea19,fix(editor): Dragged arrow endpoint ignore grid and angle locks (#10972)
Issue,2026-07-10 11:18:03+00:00,saloni8780,https://github.com/excalidraw/excalidraw/issues/11641,Color picker swatch buttons don't have distinct accessible names for screen readers
Pull request,2026-07-10 11:51:03+00:00,zk19604,https://github.com/excalidraw/excalidraw/pull/11642,fix(editor): don't downscale inserted images that fit within the file size limit
Pull request,2026-07-10 11:59:05+00:00,saloni8780,https://github.com/excalidraw/excalidraw/pull/11643,fix: add distinct aria-labels to color picker swatch buttons
Issue,2026-07-10 20:33:33+00:00,NicoPlayZ9002-YT,https://github.com/excalidraw/excalidraw/issues/11644,please approve filegarden.com links
Pull request,2026-07-11 09:07:58+00:00,AlsoTheZv3n,https://github.com/excalidraw/excalidraw/pull/11645,fix(editor): preserve text editor focus on window blur (Alt+Tab)
Commit,2026-07-11 15:22:35+00:00,mtolmacs,https://github.com/excalidraw/excalidraw/commit/ed7c0c1d7d5510c961f09f6904c5c317b665d443,chore(editor): Refactor Actions for clarity (#11632)
Pull request,2026-07-12 13:18:09+00:00,unitybtw,https://github.com/excalidraw/excalidraw/pull/11648,fix: display error for invalid hex colors (#9527)
Pull request,2026-07-12 14:53:25+00:00,dwelle,https://github.com/excalidraw/excalidraw/pull/11649,feat(editor): toolbar / active tool rewrites
Pull request,2026-07-12 18:05:07+00:00,AFRADOX,https://github.com/excalidraw/excalidraw/pull/11651,fix: resolve implicit symbol-to-string conversion in FILE_EXTENSION type
Commit,2026-07-12 22:30:09+00:00,dwelle,https://github.com/excalidraw/excalidraw/commit/339d3c373314d6b6bd0093949215ca00c1fb0c89,feat(editor): toolbar / active tool rewrites (#11649)
Pull request,2026-07-13 05:55:20+00:00,DhanshreeChinchawale,https://github.com/excalidraw/excalidraw/pull/11652,feat: show error feedback for invalid hex color codes in color picker
Pull request,2026-07-13 11:06:18+00:00,kobihikri,https://github.com/excalidraw/excalidraw/pull/11653,fix: iframe-embed analytics throws ReferenceError so the event never fires
Commit,2026-07-13 14:52:19+00:00,minato32,https://github.com/excalidraw/excalidraw/commit/d331bb49fce8975819bae1c55c7a43bcd778a8af,fix(editor): avoid overlap of flowchart children (#11532)
Commit,2026-07-13 15:53:01+00:00,mtolmacs,https://github.com/excalidraw/excalidraw/commit/082b2eeb1eac05cb48cf12fbcfadb5cb1bc5ee0a,fix(editor): Hit cache soundness (#11630)
Commit,2026-07-13 17:38:52+00:00,cTangonan123,https://github.com/excalidraw/excalidraw/commit/e9c856d262a14c12bd0bdc3f4ac55c7a86a71577,chore(editor): streamline getSelectedElementsByGroup (#11636)
Pull request,2026-07-13 17:50:00+00:00,cTangonan123,https://github.com/excalidraw/excalidraw/pull/11654,fix(editor): boundText invariant at getSelectedElements
Pull request,2026-07-13 21:31:01+00:00,CanReader,https://github.com/excalidraw/excalidraw/pull/11655,fix(editor): make z-order shortcuts work across keyboard layouts (#9535)
Pull request,2026-07-13 22:36:58+00:00,CanReader,https://github.com/excalidraw/excalidraw/pull/11656,feat(editor): allow switching arrow types via shape switcher when bound (#9656)
Pull request,2026-07-13 23:12:00+00:00,CaiqueGalinari,https://github.com/excalidraw/excalidraw/pull/11657,feat(app): Add persistent laser tool and refactor the code
Pull request,2026-07-14 02:10:14+00:00,Soumya-codr,https://github.com/excalidraw/excalidraw/pull/11658,feat: add native excalidraw table support with auto-alignment
Pull request,2026-07-14 09:15:45+00:00,Nitinnfr,https://github.com/excalidraw/excalidraw/pull/11659,docs: improve README navigation and contributor info
Pull request,2026-07-14 10:05:44+00:00,mtolmacs,https://github.com/excalidraw/excalidraw/pull/11660,fix(editor): should not select deleted bound text
Commit,2026-07-14 11:19:19+00:00,mtolmacs,https://github.com/excalidraw/excalidraw/commit/5776e1cc66842ca229c79fbbf3d2ccf208c24ab0,fix(editor): should not select deleted bound text (#11660)
Pull request,2026-07-14 14:41:35+00:00,behofer,https://github.com/excalidraw/excalidraw/pull/11661,feat: providing access for blind and visually impaired users - screen reader / non-visual accessibility layer (WCAG 2.2 AA)
Commit,2026-07-14 14:50:53+00:00,dwelle,https://github.com/excalidraw/excalidraw/commit/2423819ee0d5fe46afe536ae919b33dca20d7ac1,feat(packages/excalidraw): interaction and UI control (#11605)
Pull request,2026-07-14 16:11:23+00:00,dwelle,https://github.com/excalidraw/excalidraw/pull/11662,fix(editor): make embeddable ignore higher-z-index non-framelike elements
Commit,2026-07-14 16:18:21+00:00,dwelle,https://github.com/excalidraw/excalidraw/commit/acb48c3f454f050353c32819d7a5deded201e9db,fix(editor): make embeddable ignore higher-z-index non-framelike elements (#11662)
Pull request,2026-07-14 16:56:31+00:00,Kadajett,https://github.com/excalidraw/excalidraw/pull/11663,fix: remove identical conditional branches in ColorPicker toggle
Pull request,2026-07-14 21:43:20+00:00,ShiroKSH,https://github.com/excalidraw/excalidraw/pull/11664,fix(element): preserve zero linear dimensions
Pull request,2026-07-14 22:29:35+00:00,dwelle,https://github.com/excalidraw/excalidraw/pull/11665,feat(packages/excalidraw): add `props.activeTool` and related
Pull request,2026-07-15 06:55:47+00:00,Sloppy0726,https://github.com/excalidraw/excalidraw/pull/11666,fix(editor): localize publish library form validation messages
Pull request,2026-07-15 07:37:28+00:00,yoshibase,https://github.com/excalidraw/excalidraw/pull/11667,fix(packages/excalidraw): show error for invalid hex color input
Commit,2026-07-15 09:46:08+00:00,dwelle,https://github.com/excalidraw/excalidraw/commit/5ca083436d44a51a0705d43ea22d323839d5fe8e,feat(packages/excalidraw): add `props.activeTool` and related (#11665)
Pull request,2026-07-15 19:34:00+00:00,eeshsaxena,https://github.com/excalidraw/excalidraw/pull/11668,fix: prevent browser save dialog when editing text (fixes #9281)
Pull request,2026-07-15 19:34:22+00:00,eeshsaxena,https://github.com/excalidraw/excalidraw/pull/11669, allow browser find in help dialog (fixes #9276)
Pull request,2026-07-15 19:34:53+00:00,eeshsaxena,https://github.com/excalidraw/excalidraw/pull/11670,improve rotation angle precision (fixes #4057)
Pull request,2026-07-15 22:00:02+00:00,dwelle,https://github.com/excalidraw/excalidraw/pull/11671,fix(editor): improve UX around locked animations
Issue,2026-07-16 01:04:11+00:00,MatiasBlanc,https://github.com/excalidraw/excalidraw/issues/11672,Spanish (Español) language missing from the localization dropdown
Pull request,2026-07-16 11:27:23+00:00,dwelle,https://github.com/excalidraw/excalidraw/pull/11673,ci(repo): support [skip-ci]
Commit,2026-07-16 11:30:13+00:00,dwelle,https://github.com/excalidraw/excalidraw/commit/374716304a7ded17769aa931b27e166cdc8ca2b2,fix(editor): improve UX around locked animations (#11671)
Pull request,2026-07-16 14:17:46+00:00,dwelle,https://github.com/excalidraw/excalidraw/pull/11674,ci(repo): skip docs & example deployments in CI
Commit,2026-07-16 14:36:11+00:00,dwelle,https://github.com/excalidraw/excalidraw/commit/344878b0b5f34daf013cc5656bd78c72dfdd61d6,ci(repo): skip docs & example deployments in CI (#11674)
Pull request,2026-07-16 16:23:25+00:00,AnkitNITA23,https://github.com/excalidraw/excalidraw/pull/11675,fix(sw): cache preloaded fonts for offline usage
Pull request,2026-07-16 17:00:16+00:00,D4Will,https://github.com/excalidraw/excalidraw/pull/11676,feat: add orbit bind hotkey
Pull request,2026-07-16 17:45:18+00:00,dwelle,https://github.com/excalidraw/excalidraw/pull/11677,feat(packages/excalidraw):  add `props.ui.enabled.zoom/scrollBackToContent`
Commit,2026-07-16 17:50:19+00:00,dwelle,https://github.com/excalidraw/excalidraw/commit/93dd51060a305108450b18b87b39f1b3b2125995,feat(packages/excalidraw):  add `props.ui.enabled.zoom/scrollBackToContent` (#11677)
Pull request,2026-07-16 18:03:54+00:00,dwelle,https://github.com/excalidraw/excalidraw/pull/11678,fix(editor): fix AnimationController scheduling race conds
Commit,2026-07-16 18:52:06+00:00,dwelle,https://github.com/excalidraw/excalidraw/commit/65aa577e39a1ae6315322eae010b69961b99b418,fix(editor): fix AnimationController scheduling race conds (#11678)
Pull request,2026-07-17 08:25:57+00:00,ianfog,https://github.com/excalidraw/excalidraw/pull/11679,Feature/qq
Pull request,2026-07-17 12:42:25+00:00,dwelle,https://github.com/excalidraw/excalidraw/pull/11680,fix(editor): show scroll-back-to-content button on mobile
Commit,2026-07-17 14:22:43+00:00,dwelle,https://github.com/excalidraw/excalidraw/commit/a1d9b16b0dc485566cfc90ece8269443f8726d63,fix(editor): show scroll-back-to-content button on mobile (#11680)
Pull request,2026-07-17 17:13:17+00:00,Sam721166,https://github.com/excalidraw/excalidraw/pull/11681,fix(editor): make Help button tooltip consistent with toolbar
Pull request,2026-07-17 18:34:02+00:00,bidhandhakal,https://github.com/excalidraw/excalidraw/pull/11682,fix: correct dialog aria-labelledby to match title element id
Issue,2026-07-17 22:12:54+00:00,tihon5678900-lab,https://github.com/excalidraw/excalidraw/issues/11683,tihon5678900@gmail.com
Commit,2026-07-17 22:17:39+00:00,Sam721166,https://github.com/excalidraw/excalidraw/commit/5cf547650b700b35507e83773695098150b810d2,fix(editor): make Help button tooltip consistent with toolbar (#11681)
Issue,2026-07-18 07:20:34+00:00,arpan7sarkar,https://github.com/excalidraw/excalidraw/issues/11695,Add keyboard shortcut hint to Stroke/Background color picker tooltip
Pull request,2026-07-18 07:27:57+00:00,arpan7sarkar,https://github.com/excalidraw/excalidraw/pull/11696,fix(editor): show keyboard shortcut in stroke/background picker tooltip
Pull request,2026-07-18 13:34:10+00:00,Srujanreddy1234,https://github.com/excalidraw/excalidraw/pull/11697,fix(editor): show keyboard shortcuts in color picker tooltips
Issue,2026-07-18 15:44:51+00:00,WhispeRre,https://github.com/excalidraw/excalidraw/issues/11698,can‘t set different colors for the main title and the subtitle.
Pull request,2026-07-18 15:49:57+00:00,omsatodiya,https://github.com/excalidraw/excalidraw/pull/11699,test(editor): add unit tests for angle utilities
Pull request,2026-07-18 16:57:52+00:00,srivathsan0804,https://github.com/excalidraw/excalidraw/pull/11700,feat: add recent colors palette with local storage persistence
Issue,2026-07-18 18:17:35+00:00,kodejeet,https://github.com/excalidraw/excalidraw/issues/11701,"Elbow arrow origin at 0 is silently dropped, and unbind crashes on stale bindings"
Pull request,2026-07-18 18:29:46+00:00,dor-weid,https://github.com/excalidraw/excalidraw/pull/11702,feat: add linear gradient background fill for shapes
Pull request,2026-07-18 18:59:43+00:00,kodejeet,https://github.com/excalidraw/excalidraw/pull/11703,"fix(elements): respect zero coordinates in elbow arrow mutation, guard stale binding unbind"
Pull request,2026-07-19 01:44:06+00:00,arhxam,https://github.com/excalidraw/excalidraw/pull/11704,fix(math): detect segment intersections at endpoints in segmentsIntersectAt
Issue,2026-07-19 11:48:12+00:00,KunjShah95,https://github.com/excalidraw/excalidraw/issues/11705,Test issue - please ignore
Issue,2026-07-19 11:49:30+00:00,KunjShah95,https://github.com/excalidraw/excalidraw/issues/11706,[Bug] Empty catch block silently swallows errors in App.tsx
Issue,2026-07-19 11:49:33+00:00,KunjShah95,https://github.com/excalidraw/excalidraw/issues/11707,[Bug] Timer/Interval cleanup issues cause memory leaks and stale callback execution
Issue,2026-07-19 11:49:36+00:00,KunjShah95,https://github.com/excalidraw/excalidraw/issues/11708,[Bug] Frame z-index sorting is incorrect (known FIXME)
Issue,2026-07-19 11:49:38+00:00,KunjShah95,https://github.com/excalidraw/excalidraw/issues/11709,[Bug] Flipped elements with curves have wrong bounding boxes
Issue,2026-07-19 11:49:40+00:00,KunjShah95,https://github.com/excalidraw/excalidraw/issues/11710,[Bug] Empty text element deletion breaks collaborative sync
Issue,2026-07-19 11:49:42+00:00,KunjShah95,https://github.com/excalidraw/excalidraw/issues/11711,[Bug] concatBuffers uses DataView on potentially oversized ArrayBuffer
Issue,2026-07-19 11:49:45+00:00,KunjShah95,https://github.com/excalidraw/excalidraw/issues/11712,[Bug] Eye dropper offset not swapped when preview goes outside viewport
Issue,2026-07-19 11:49:47+00:00,KunjShah95,https://github.com/excalidraw/excalidraw/issues/11713,[Bug] Flaky WYSIWYG text editor and other tests
Pull request,2026-07-19 12:15:53+00:00,KunjShah95,https://github.com/excalidraw/excalidraw/pull/11714,fix: add error logging to empty catch block in onWindowMessage
Pull request,2026-07-19 12:16:19+00:00,KunjShah95,https://github.com/excalidraw/excalidraw/pull/11715,fix: add error logging to empty catch block in onWindowMessage
Pull request,2026-07-19 12:16:26+00:00,KunjShah95,https://github.com/excalidraw/excalidraw/pull/11716,fix: correct nFormatter base unit symbol from 'b' to empty string
Pull request,2026-07-19 12:16:31+00:00,KunjShah95,https://github.com/excalidraw/excalidraw/pull/11717,fix: use correct byteOffset and byteLength when creating DataView
Pull request,2026-07-19 12:16:38+00:00,KunjShah95,https://github.com/excalidraw/excalidraw/pull/11718,fix: upgrade Vite from 5.0.12 to 5.4.21 to fix 4 CVEs
Pull request,2026-07-19 12:16:44+00:00,KunjShah95,https://github.com/excalidraw/excalidraw/pull/11719,feat: add Dependabot config and Security Audit CI workflow
Pull request,2026-07-19 12:51:18+00:00,KunjShah95,https://github.com/excalidraw/excalidraw/pull/11720,fix: upgrade 5 direct deps + add 3 resolutions to eliminate all 8 critical npm audit vulns
Pull request,2026-07-19 14:12:35+00:00,72umesh,https://github.com/excalidraw/excalidraw/pull/11721,fix: add custom tooltip to icon buttons
Pull request,2026-07-19 16:04:23+00:00,Sam721166,https://github.com/excalidraw/excalidraw/pull/11722,fix(editor): prevent eyedropper preview from overflowing viewport 
Pull request,2026-07-19 17:57:02+00:00,bidhandhakal,https://github.com/excalidraw/excalidraw/pull/11723,fix(editor): fix low-contrast hover text on exit-view-mode button in dark mode
Issue,2026-07-19 18:36:46+00:00,aitextcleaner,https://github.com/excalidraw/excalidraw/issues/11724,Free Online Tool
Pull request,2026-07-19 19:14:25+00:00,marouane-m7b,https://github.com/excalidraw/excalidraw/pull/11725,feat(fonts): add Playpen Arabic as selectable handwriting font
Pull request,2026-07-20 03:11:05+00:00,ChiragArora31,https://github.com/excalidraw/excalidraw/pull/11726,fix: preserve dialogs during cross-tab sync
Pull request,2026-07-20 05:38:47+00:00,Sam721166,https://github.com/excalidraw/excalidraw/pull/11727,feat: add one-click action to flip arrow direction
Pull request,2026-07-20 07:19:54+00:00,b0wen-liu,https://github.com/excalidraw/excalidraw/pull/11728,fix(editor): restore box-selecting line points by dragging on canvas
Issue,2026-07-20 16:02:38+00:00,guynikan,https://github.com/excalidraw/excalidraw/issues/11729,Expose a way to scale line/arrow point handles and selection resize handles for touch use
Issue,2026-07-20 16:20:38+00:00,CharanMunur,https://github.com/excalidraw/excalidraw/issues/11730,Language dropdown uses native browser select styling instead of Excalidraw menu styling
Issue,2026-07-21 04:49:12+00:00,CharanMunur,https://github.com/excalidraw/excalidraw/issues/11731,Library sidebar icons missing tooltips
Pull request,2026-07-21 09:42:02+00:00,johnnyfekete,https://github.com/excalidraw/excalidraw/pull/11732,Feat(editor): Shape stats with measurements
Pull request,2026-07-21 09:43:15+00:00,mtolmacs,https://github.com/excalidraw/excalidraw/pull/11733,fix(editor): Dangling deleted bound text
Pull request,2026-07-21 09:55:19+00:00,CharanMunur,https://github.com/excalidraw/excalidraw/pull/11734,fix: add tooltips to sidebar header icons
Pull request,2026-07-21 10:11:50+00:00,neutron420,https://github.com/excalidraw/excalidraw/pull/11735,Replace native language selector with existing menu component
Pull request,2026-07-21 16:29:55+00:00,anshumaaaan,https://github.com/excalidraw/excalidraw/pull/11736,Add Alt/Option-drag duplicate cursor feedback
Pull request,2026-07-21 20:56:12+00:00,tdg-ninja,https://github.com/excalidraw/excalidraw/pull/11737,fix: add help dialog shortcut search
Issue,2026-07-21 21:03:19+00:00,arvylyra,https://github.com/excalidraw/excalidraw/issues/11738,Lost changes when switching tabs
Commit,2026-07-21 22:07:15+00:00,Sam721166,https://github.com/excalidraw/excalidraw/commit/53732f08f430ded353121c64c230b448282be37a,fix(editor): prevent eyedropper preview from overflowing viewport  (#11722)
Pull request,2026-07-22 04:02:56+00:00,GiraffeAir,https://github.com/excalidraw/excalidraw/pull/11739,Trae/agent yo ph8b
Pull request,2026-07-22 06:14:06+00:00,xevrion,https://github.com/excalidraw/excalidraw/pull/11740,feat(editor): support pasting images from HTML data URL src
Pull request,2026-07-22 06:53:19+00:00,xevrion,https://github.com/excalidraw/excalidraw/pull/11741,fix(editor): ungroup bound text when dragging group member out of frame
Pull request,2026-07-22 07:34:57+00:00,xevrion,https://github.com/excalidraw/excalidraw/pull/11742,fix(editor): re-measure converted text elements once fonts load
Pull request,2026-07-22 07:54:43+00:00,xevrion,https://github.com/excalidraw/excalidraw/pull/11743,fix(editor): prevent text creation on dblclick when exiting line editor
Pull request,2026-07-22 08:55:30+00:00,xevrion,https://github.com/excalidraw/excalidraw/pull/11744,fix(editor): finalize multi-point drawing on toolbar tool switch
Commit,2026-07-22 11:03:45+00:00,mtolmacs,https://github.com/excalidraw/excalidraw/commit/a3b90897b5d770a27d53773db670ddfda983ae85,fix(editor): Lost focus point on transition to inside-inside (#10964)
Issue,2026-07-22 14:06:46+00:00,TanvirTian,https://github.com/excalidraw/excalidraw/issues/11745,[i18n] Add Bangla as a supported language
Issue,2026-07-22 17:30:07+00:00,PrakharSingh42,https://github.com/excalidraw/excalidraw/issues/11746,[feat-request] Bring the recently used library components to top
Pull request,2026-07-22 17:50:53+00:00,PrakharSingh42,https://github.com/excalidraw/excalidraw/pull/11747,Implemented the feature for recent used library element
Commit,2026-07-22 20:37:35+00:00,mtolmacs,https://github.com/excalidraw/excalidraw/commit/91b78903ab1fb8c695d96c94972eadda4998518e,fix(editor): Dangling deleted bound text (#11733)
Commit,2026-07-22 20:39:16+00:00,mtolmacs,https://github.com/excalidraw/excalidraw/commit/e6ae6bf05755eb3845d9635953bd6477e948a8f6,fix(editor): Diamond hit test shortcut (#11631)
Pull request,2026-07-23 02:17:20+00:00,jeffersonraimon,https://github.com/excalidraw/excalidraw/pull/11748,Layers (by @Rkdroid)  on latest version of excalidraw
Pull request,2026-07-23 08:10:01+00:00,GiraffeAir,https://github.com/excalidraw/excalidraw/pull/11749,Trae/agent 7ahpg i
Pull request,2026-07-23 15:20:31+00:00,gengamer,https://github.com/excalidraw/excalidraw/pull/11750,Dev
Commit,2026-07-23 16:42:42+00:00,mbkrafft,https://github.com/excalidraw/excalidraw/commit/f179f7ffd23cd47a8f013c3fd0051cb07a83d1d6,feat(editor): draw to shape (auto-detection) (#9313)
Issue,2026-07-23 18:29:06+00:00,nisweesi,https://github.com/excalidraw/excalidraw/issues/11751,[feat-request] Add a shortcut to create an arrow bend point at the cursor location
Pull request,2026-07-23 21:25:01+00:00,dwelle,https://github.com/excalidraw/excalidraw/pull/11752,feat(editor): `autoshape` text + line improvements
Issue,2026-07-24 01:37:47+00:00,WolfExplode,https://github.com/excalidraw/excalidraw/issues/11753,"BUG: Dragging a GIF in from outside the vault always inserts as static Image, skipping the Embeddable/Image picker"
Pull request,2026-07-24 05:11:14+00:00,GiraffeAir,https://github.com/excalidraw/excalidraw/pull/11754,Update Chinese README and improve internationalization features
Pull request,2026-07-24 06:44:57+00:00,zaidkhatri-dev,https://github.com/excalidraw/excalidraw/pull/11755,refactor(root): trim extra whitespace from comment
Pull request,2026-07-24 10:19:59+00:00,k-anushka14,https://github.com/excalidraw/excalidraw/pull/11756,feat: add Alt+drag shortcut to create arrow bend point without enteri…
Pull request,2026-07-24 11:25:25+00:00,cpfaffinger,https://github.com/excalidraw/excalidraw/pull/11757,fix(pwa): raise workbox precache size limit to 3MB
Commit,2026-07-24 14:10:00+00:00,dwelle,https://github.com/excalidraw/excalidraw/commit/b2e81e38a6fde8b3cb5dfdf2f2fb651323ad309d,feat(editor): `autoshape` text + line improvements (#11752)
Issue,2026-07-24 18:00:02+00:00,ne-ku,https://github.com/excalidraw/excalidraw/issues/11758,[bug] Spikes at the start of pen strokes with constant pressure
Issue,2026-07-24 22:31:50+00:00,abobich675,https://github.com/excalidraw/excalidraw/issues/11759,"bug: Inconsistent effect of the ""Escape"" Key"
Issue,2026-07-25 00:15:18+00:00,nitrogen404,https://github.com/excalidraw/excalidraw/issues/11760,[feat-request] - Allow typing an exact zoom percentage in the zoom control
Issue,2026-07-25 03:56:15+00:00,DewashishCodes,https://github.com/excalidraw/excalidraw/issues/11761,Docs: Remove obsolete CodeSandbox contribution workflow
Issue,2026-07-25 06:29:46+00:00,androidside,https://github.com/excalidraw/excalidraw/issues/11762,"Imported an excalidraw.json file, when I share the link, the canvas gets wiped out!"
Issue,2026-07-26 10:52:21+00:00,ezemskov,https://github.com/excalidraw/excalidraw/issues/11763,[bug] Opening/adding the same library duplicates its contents
Pull request,2026-07-26 19:13:47+00:00,gaurav0107,https://github.com/excalidraw/excalidraw/pull/11764,fix(packages/excalidraw): guard missing FontFace.unicodeRange in svg export
Pull request,2026-07-26 19:53:40+00:00,neutron420,https://github.com/excalidraw/excalidraw/pull/11765,fix(editor): prevent duplicate library items on re-import
Pull request,2026-07-27 04:46:30+00:00,dsalazardev,https://github.com/excalidraw/excalidraw/pull/11766,multiproject-support: implementación completa del sistema de gestión …
Pull request,2026-07-27 07:53:41+00:00,nitrogen404,https://github.com/excalidraw/excalidraw/pull/11767,feat(editor): allow typing an exact zoom percentage
Issue,2026-07-27 08:49:19+00:00,jhallal,https://github.com/excalidraw/excalidraw/issues/11769,Missing keys in de-DE
Issue,2026-07-27 12:11:51+00:00,leezahuor,https://github.com/excalidraw/excalidraw/issues/11770,[docs] Correcting port and file path in Next.js example README.md
Pull request,2026-07-27 13:11:49+00:00,Shreya657,https://github.com/excalidraw/excalidraw/pull/11771,[docs] Correct port and file path in Next.js example README.md
Pull request,2026-07-27 14:07:12+00:00,AkashNaickar,https://github.com/excalidraw/excalidraw/pull/11772,fix: add missing de-DE translation for crop editor hints
Pull request,2026-07-27 20:33:53+00:00,dwelle,https://github.com/excalidraw/excalidraw/pull/11773,fix(editor): increase autoresize handle threshold until it hides
Commit,2026-07-27 21:04:03+00:00,dwelle,https://github.com/excalidraw/excalidraw/commit/7c0b3295760d3492a980f2f6416a36c9ef592103,fix(editor): increase autoresize handle threshold until it hides (#11773)
Issue,2026-07-27 21:33:36+00:00,basmaashraf438-ops,https://github.com/excalidraw/excalidraw/issues/11774,basmaashraf.degital
Pull request,2026-07-28 07:07:40+00:00,nawazish2,https://github.com/excalidraw/excalidraw/pull/11775,fix(editor): keep S then I eyedropper working when hex is focused
Pull request,2026-07-28 11:20:34+00:00,ZainMurtaza3532,https://github.com/excalidraw/excalidraw/pull/11776,Add AI vs ML vs DL educational diagram to README
Pull request,2026-07-28 12:40:07+00:00,dwelle,https://github.com/excalidraw/excalidraw/pull/11777,feat(editor): bind text to hovered arrow endpoint
Pull request,2026-07-28 12:50:16+00:00,ezemskov,https://github.com/excalidraw/excalidraw/pull/11778,Fix/strokes at start with small offsets
Commit,2026-07-28 16:12:33+00:00,dwelle,https://github.com/excalidraw/excalidraw/commit/1acf66edabc2ac5bbd4aed0714aed7dca7cc2aab,feat(editor): bind text to hovered arrow endpoint (#11777)
Pull request,2026-07-29 05:10:40+00:00,skkdevcraft,https://github.com/excalidraw/excalidraw/pull/11780,fix: proper test to detect when the pressure is simulated or not
Issue,2026-07-29 06:57:58+00:00,rncchen,https://github.com/excalidraw/excalidraw/issues/11781,Docker Hub latest image may be stale and missing recent translations
Pull request,2026-07-29 08:44:32+00:00,cyforkk,https://github.com/excalidraw/excalidraw/pull/11782,feat(editor): Error message for invalid hex color input
Pull request,2026-07-29 10:46:17+00:00,JessieWadman,https://github.com/excalidraw/excalidraw/pull/11784,feat(editor): Chalkboard post-process for all elements
Pull request,2026-07-29 15:14:42+00:00,jeffersonraimon,https://github.com/excalidraw/excalidraw/pull/11785,Update
Pull request,2026-07-29 18:11:37+00:00,limichael97,https://github.com/excalidraw/excalidraw/pull/11786,fix: add tooltips to sidebar icons
Pull request,2026-07-29 22:03:31+00:00,dwelle,https://github.com/excalidraw/excalidraw/pull/11787,feat(packages/excalidraw): [ui] rewrite ui regions
Pull request,2026-07-30 01:44:10+00:00,Ollynov,https://github.com/excalidraw/excalidraw/pull/11788,Collaboration Tool Draft (closed)
Pull request,2026-07-30 02:23:33+00:00,abobich675,https://github.com/excalidraw/excalidraw/pull/11789,fix(editor): prevent esc from exiting fullscreen on macos when modal open
Issue,2026-07-30 05:20:36+00:00,1327265121,https://github.com/excalidraw/excalidraw/issues/11790,"Hi, when I use the pen mode in Excalidraw, my cursor keeps blinking."
Pull request,2026-07-30 05:51:39+00:00,matttt,https://github.com/excalidraw/excalidraw/pull/11791,feat: viewport-based font sizing
Pull request,2026-07-30 07:29:40+00:00,mdshzb04,https://github.com/excalidraw/excalidraw/pull/11792,fix(editor): document Shift+drag axis lock in Help dialog
Commit,2026-07-30 07:47:42+00:00,abobich675,https://github.com/excalidraw/excalidraw/commit/69d4c346cc82ee5f64b6fa6bb91ad94422fedfb3,fix(editor): prevent esc from exiting fullscreen on macos when modal open (#11789)
Commit,2026-07-30 11:30:20+00:00,cyforkk,https://github.com/excalidraw/excalidraw/commit/786ab266ff3a9cfffaed16804cf9132b44bc08ae,feat(editor): Error message for invalid hex color input (#11782)
Issue,2026-07-30 23:42:52+00:00,air,https://github.com/excalidraw/excalidraw/issues/11794,click Manage Presenter Notes --> does NOT focus the current slide (always focuses Slide 1)
Issue,2026-07-31 03:25:55+00:00,JuCJeff,https://github.com/excalidraw/excalidraw/issues/11795,Inserting texts inside grouped rectangles resize the individual box
Issue,2026-07-31 05:57:36+00:00,anshparekh27,https://github.com/excalidraw/excalidraw/issues/11796,Library symbol turns opaque when resized/expanded
Pull request,2026-07-31 07:01:55+00:00,okxint,https://github.com/excalidraw/excalidraw/pull/11797,fix: add .js extension to roughjs imports for ESM strict resolution
Issue,2026-07-31 08:03:49+00:00,anshparekh27,https://github.com/excalidraw/excalidraw/issues/11798,Library symbol text labels are not visible when moved to canvas
Pull request,2026-07-31 12:31:23+00:00,dwelle,https://github.com/excalidraw/excalidraw/pull/11799,feat(editor): bucket fill
Issue,2026-07-31 12:37:15+00:00,zsviczian,https://github.com/excalidraw/excalidraw/issues/11800,"Excalidraw crashes when selecting context menu: ""Edit arrow"""
Pull request,2026-07-31 15:59:21+00:00,muhfauziazhar,https://github.com/excalidraw/excalidraw/pull/11801,fix: allow Ctrl+S save shortcut when editing text elements
Pull request,2026-07-31 18:37:35+00:00,TheRodzz,https://github.com/excalidraw/excalidraw/pull/11802,fix: make canvas search results order stable
Pull request,2026-07-31 20:34:05+00:00,yanrin13,https://github.com/excalidraw/excalidraw/pull/11803,fix(editor): initialize selectedLinearElement after pasting arrows
Issue,2026-07-31 21:52:22+00:00,moberemk,https://github.com/excalidraw/excalidraw/issues/11804,Set starting area not working for embed links
Pull request,2026-08-01 14:22:45+00:00,irontaek,https://github.com/excalidraw/excalidraw/pull/11805,perf: drop unused frameElementsOffsetsMap in resize handler
Pull request,2026-08-01 17:00:59+00:00,satych-ux,https://github.com/excalidraw/excalidraw/pull/11806,fix(ttd): allow horizontal drag selection in prompt input
Pull request,2026-08-01 17:13:42+00:00,rabadiyameet073,https://github.com/excalidraw/excalidraw/pull/11807,feat: implement element & frame layer visibility toggle (#9599)
Issue,2026-08-01 23:14:49+00:00,seththepeacock,https://github.com/excalidraw/excalidraw/issues/11809,"Select on ""wrap"" vs ""overlap"" for FREEFORM lasso tool"
Pull request,2026-08-02 20:47:31+00:00,waterWang,https://github.com/excalidraw/excalidraw/pull/11810,refactor: replace UA parsing with isDarwin/isWindows in ShareDialog
Issue,2026-08-02 23:04:34+00:00,cursor[bot],https://github.com/excalidraw/excalidraw/issues/11811,Add company logo shape to the toolbar
Pull request,2026-08-03 06:22:48+00:00,odpay,https://github.com/excalidraw/excalidraw/pull/11812,docs: add Zenith Hosting deploy option
Pull request,2026-08-03 19:29:05+00:00,excalibot,https://github.com/excalidraw/excalidraw/pull/11813,chore(editor): Update translations from Crowdin
Commit,2026-08-03 19:48:06+00:00,excalibot,https://github.com/excalidraw/excalidraw/commit/39103bd33a3365f4134958fe5e932678fcd12fb8,chore(editor): Update translations from Crowdin (#11813)
Pull request,2026-08-04 00:08:36+00:00,nihaarsirikonda,https://github.com/excalidraw/excalidraw/pull/11814,fix(editor): prevent crash when editing arrow with bound text
Pull request,2026-08-04 04:55:31+00:00,excalibot,https://github.com/excalidraw/excalidraw/pull/11815,chore(editor): Update translations from Crowdin
Issue,2026-08-04 07:45:40+00:00,masrezah,https://github.com/excalidraw/excalidraw/issues/11816,Gagal Menyimpan Diagram: Error 401 dan Progres Hilang Setelah Aplikasi Ditutup
Issue,2026-08-04 08:21:41+00:00,yanrin13,https://github.com/excalidraw/excalidraw/issues/11817,"Error when selecting ""Change arrow"" from context menu immediately after pasting an arrow"
Pull request,2026-08-04 08:26:28+00:00,yanrin13,https://github.com/excalidraw/excalidraw/pull/11818,fix: initialize selectedLinearElement after pasting arrows
Pull request,2026-08-04 08:27:17+00:00,dwelle,https://github.com/excalidraw/excalidraw/pull/11819,feat(packages/excalidraw): ViewportStatusFrame & factor out user-follow state
Pull request,2026-08-04 08:32:55+00:00,okxint,https://github.com/excalidraw/excalidraw/pull/11820,fix(Range): correct slider position and gradient direction in RTL layouts
Pull request,2026-08-04 11:33:45+00:00,arhantsg07,https://github.com/excalidraw/excalidraw/pull/11821,fix: allow Ctrl+F native find in dialogs (#9276)
Pull request,2026-08-04 14:07:27+00:00,dwelle,https://github.com/excalidraw/excalidraw/pull/11822,feat(editor): disable arrowhead toggle via dblclick
Pull request,2026-08-04 14:12:27+00:00,prabhatjaidiya,https://github.com/excalidraw/excalidraw/pull/11823,fix: add tooltips to library sidebar header icons
Commit,2026-08-04 14:25:00+00:00,dwelle,https://github.com/excalidraw/excalidraw/commit/f1aa8f86a9745c6c1623ce8aabbc305522053616,feat(editor): disable arrowhead toggle via dblclick (#11822)
Commit,2026-08-04 14:25:16+00:00,dwelle,https://github.com/excalidraw/excalidraw/commit/792ea3a06c60079229f36819d8695af7d563832a,feat(editor): bucket fill (#11799)
Commit,2026-08-04 14:31:37+00:00,nihaarsirikonda,https://github.com/excalidraw/excalidraw/commit/ab0255f21eb40b5408f3e9ed9725474108eda9e6,fix(editor): prevent crash when editing arrow with bound text (#11814)
Issue,2026-08-04 15:36:53+00:00,af1400,https://github.com/excalidraw/excalidraw/issues/11824,بيمنت XNPV
Issue,2026-08-04 15:44:57+00:00,salt1106,https://github.com/excalidraw/excalidraw/issues/11825,[Bug] Excalidraw+ BYOK model selector rejects provider-supported models outside the hard-coded list
Pull request,2026-08-04 17:14:21+00:00,dwelle,https://github.com/excalidraw/excalidraw/pull/11826,fix(editor): include custom tools in pointer capture
Commit,2026-08-04 17:39:21+00:00,dwelle,https://github.com/excalidraw/excalidraw/commit/1da120e914e87ae2f308ff6eb41c365401e8f583,fix(editor): include custom tools in pointer capture (#11826)
Pull request,2026-08-04 17:49:29+00:00,dwelle,https://github.com/excalidraw/excalidraw/pull/11827,fix(editor): normalize container + bound text order on restore
Pull request,2026-08-04 18:17:48+00:00,Rushil-11,https://github.com/excalidraw/excalidraw/pull/11828,feat: Change colour of selected text
Pull request,2026-08-04 21:23:14+00:00,Benna96,https://github.com/excalidraw/excalidraw/pull/11829,feat: Make linear element snapping not dependent on sloppiness
Commit,2026-08-04 21:32:15+00:00,dwelle,https://github.com/excalidraw/excalidraw/commit/c9c96f619cbceb335c5b5bf112be78465d8ab60e,fix(editor): normalize container + bound text order on restore (#11827)
Commit,2026-08-04 21:38:15+00:00,yanrin13,https://github.com/excalidraw/excalidraw/commit/46c42a6cb0bfc8c096ac4f232d427e10c2d943d1,fix(editor): initialize selectedLinearElement after pasting arrows (#11803)
Commit,2026-08-04 22:01:20+00:00,dwelle,https://github.com/excalidraw/excalidraw/commit/85270fcc8db26f98d119e2d2752b0c0139e86e16,feat(packages/excalidraw): ViewportStatusFrame & factor out user-follow state (#11819)
Pull request,2026-08-05 03:58:15+00:00,ezecodenaut,https://github.com/excalidraw/excalidraw/pull/11830,feat: desktop app version using Tauri
Pull request,2026-08-05 07:28:28+00:00,praann07,https://github.com/excalidraw/excalidraw/pull/11831,docs: add Code of Conduct
Issue,2026-08-05 07:32:17+00:00,praann07,https://github.com/excalidraw/excalidraw/issues/11832,Add SECURITY.md for reporting security vulnerabilities
Pull request,2026-08-05 07:34:56+00:00,praann07,https://github.com/excalidraw/excalidraw/pull/11833,docs: add SECURITY.md
Pull request,2026-08-05 08:43:40+00:00,dwelle,https://github.com/excalidraw/excalidraw/pull/11834,fix(editor): do not flicker bbox when drag-creating line midpoint
Commit,2026-08-05 08:52:10+00:00,dwelle,https://github.com/excalidraw/excalidraw/commit/5e375b4331febad8dd7d1adf4e3d78df0fbeeb17,fix(editor): do not flicker bbox when drag-creating line midpoint (#11834)
Pull request,2026-08-05 11:28:17+00:00,dwelle,https://github.com/excalidraw/excalidraw/pull/11835,feat(packages/excalidraw): do not dedupe collaborators
Commit,2026-08-05 12:20:18+00:00,dwelle,https://github.com/excalidraw/excalidraw/commit/e33a1c0e85a9fae8636deb9b9eb7079825de8337,feat(packages/excalidraw): do not dedupe collaborators (#11835)
Pull request,2026-08-05 15:28:47+00:00,tollenceld,https://github.com/excalidraw/excalidraw/pull/11836,fix(editor): do not swallow taps that interrupt menu scroll animation on iOS
Issue,2026-08-05 16:07:35+00:00,praann07,https://github.com/excalidraw/excalidraw/issues/11837,docs: link README Contributing section to Code of Conduct and Security Policy
Pull request,2026-08-05 16:23:34+00:00,dwelle,https://github.com/excalidraw/excalidraw/pull/11838,feat(packages/excalidraw): support ViewportStatusFrame label onClick
Commit,2026-08-05 16:28:52+00:00,dwelle,https://github.com/excalidraw/excalidraw/commit/74789584bed7de19e91e35a3c0e708aeadcddf8b,feat(packages/excalidraw): support ViewportStatusFrame label onClick (#11838)
Pull request,2026-08-05 17:15:51+00:00,dwelle,https://github.com/excalidraw/excalidraw/pull/11839,feat(packages/excalidraw): add `props.className` 
Pull request,2026-08-05 17:49:32+00:00,dwelle,https://github.com/excalidraw/excalidraw/pull/11840,fix(packages/excalidraw): viewportStatusFrame label offset on mobile
Commit,2026-08-05 18:00:18+00:00,dwelle,https://github.com/excalidraw/excalidraw/commit/1e22618ab2adee8e1947a218aa23dbacd6095c17,fix(packages/excalidraw): viewportStatusFrame label offset on mobile (#11840)
Commit,2026-08-05 18:10:18+00:00,dwelle,https://github.com/excalidraw/excalidraw/commit/e4ab626739f5f163c5eca56190f615643218b61c,feat(packages/excalidraw): add `props.className` (#11839)
Pull request,2026-08-05 21:29:05+00:00,dwelle,https://github.com/excalidraw/excalidraw/pull/11841,fix(editor): viewportportStatusFrame UI fixes
Issue,2026-08-06 01:18:16+00:00,cTangonan123,https://github.com/excalidraw/excalidraw/issues/11842,[Bug] Deselecting a group under multi-group selection transforms groups to individually selected elements
Pull request,2026-08-06 04:56:56+00:00,cTangonan123,https://github.com/excalidraw/excalidraw/pull/11843,fix(editor): state variables sync across group and frame selection/deselection within common bounds
Issue,2026-08-06 16:11:25+00:00,bvsvntv,https://github.com/excalidraw/excalidraw/issues/11844,[Bug]  Link icon renders on a white background chip in dark theme
Pull request,2026-08-06 16:16:46+00:00,bvsvntv,https://github.com/excalidraw/excalidraw/pull/11845,fix: render link icon on transparent background
Issue,2026-08-06 17:05:18+00:00,VectorPointer,https://github.com/excalidraw/excalidraw/issues/11846,Why it is not possible to have 2 different files opened?
Pull request,2026-08-06 18:42:12+00:00,mtolmacs,https://github.com/excalidraw/excalidraw/pull/11847,feat(editor): element ownership
Commit,2026-08-06 20:01:48+00:00,dwelle,https://github.com/excalidraw/excalidraw/commit/219571a7187651c79648de08c9a98a3b2f7f607a,fix(editor): viewportportStatusFrame UI fixes (#11841)
Pull request,2026-08-07 10:47:54+00:00,dwelle,https://github.com/excalidraw/excalidraw/pull/11848,fix(app): remove ViewportStatusFrame debug
Commit,2026-08-07 10:53:21+00:00,dwelle,https://github.com/excalidraw/excalidraw/commit/ea74787447db38be580ceb11f53928b1a291f88f,fix(app): remove ViewportStatusFrame debug (#11848)
Pull request,2026-08-07 10:55:59+00:00,dwelle,https://github.com/excalidraw/excalidraw/pull/11849,feat(editor): bucketfill cursor + eyedropper support
Commit,2026-08-07 12:07:53+00:00,dwelle,https://github.com/excalidraw/excalidraw/commit/4872083c044491b6d5c96ae134a75464f96d6831,feat(editor): bucketfill cursor + eyedropper support (#11849)
Issue,2026-08-07 19:40:35+00:00,donkercl,https://github.com/excalidraw/excalidraw/issues/11850,checadordepersonal
Issue,2026-08-07 21:27:07+00:00,homer1993,https://github.com/excalidraw/excalidraw/issues/11851,"FeatureRequest: Presentation mode without nexflix ""are you still their"" counter?"
Pull request,2026-08-07 22:44:30+00:00,Astraeus-C,https://github.com/excalidraw/excalidraw/pull/11852,Add small secret toggle panel for testing
Issue,2026-08-08 02:49:58+00:00,zhaoziyuan18-web,https://github.com/excalidraw/excalidraw/issues/11853,Auto correct not working
Pull request,2026-08-08 09:51:23+00:00,Arata1202,https://github.com/excalidraw/excalidraw/pull/11854,build: reuse Docker dependency layer across source changes
Issue,2026-08-08 12:28:12+00:00,JayeshRajbhar,https://github.com/excalidraw/excalidraw/issues/11856,"[Bug] `lasso reselection` test failing due to default `boxSelectionMode` being ""contain"" instead of ""overlap"""
Pull request,2026-08-08 15:48:50+00:00,devwez,https://github.com/excalidraw/excalidraw/pull/11857,fix: rename history.ts so it stops leaking into the published npm package (fix #8310)
Pull request,2026-08-08 16:27:09+00:00,AadityaRaj77,https://github.com/excalidraw/excalidraw/pull/11858,fix: respect selection mode in freeform lasso
Pull request,2026-08-08 21:00:18+00:00,dwelle,https://github.com/excalidraw/excalidraw/pull/11859,feat(editor): eyedropper fixes and improvements
Commit,2026-08-08 21:17:26+00:00,dwelle,https://github.com/excalidraw/excalidraw/commit/cf212b2f3354c09bd6f960b53a9cfb0a3ecbfa58,feat(editor): eyedropper fixes and improvements (#11859)
Pull request,2026-08-09 10:13:35+00:00,Arunendra21,https://github.com/excalidraw/excalidraw/pull/11860,fix: correct isLocalLink origin check for external links
Pull request,2026-08-09 10:38:26+00:00,JayeshRajbhar,https://github.com/excalidraw/excalidraw/pull/11861,fix(tests): resolve failing lasso reselection test by initializing boxSelectionMode and viewport dimensions
Pull request,2026-08-09 12:05:23+00:00,JayeshRajbhar,https://github.com/excalidraw/excalidraw/pull/11862,fix(editor): respect boxSelectionMode ('contain' vs 'overlap') in lasso tool
Pull request,2026-08-09 17:16:49+00:00,lukethemiller-zs,https://github.com/excalidraw/excalidraw/pull/11863,Feature/workshop timer
Pull request,2026-08-09 18:14:50+00:00,lukethemiller-zs,https://github.com/excalidraw/excalidraw/pull/11864,New features
Pull request,2026-08-09 19:18:55+00:00,zsviczian,https://github.com/excalidraw/excalidraw/pull/11865,Migrate to esm build: 0.18.119
Pull request,2026-08-10 04:54:06+00:00,zhaoxinyi02,https://github.com/excalidraw/excalidraw/pull/11866,docs: remove duplicated words in comments (to to / the the)
Pull request,2026-08-10 09:24:31+00:00,kartick-qode,https://github.com/excalidraw/excalidraw/pull/11867,fix: link icon chip shows white background in dark theme
Commit,2026-08-10 11:09:43+00:00,JayeshRajbhar,https://github.com/excalidraw/excalidraw/commit/c5a50d223feb5fceaebc916ad75f2dcecb399467,fix(editor): respect boxSelectionMode ('contain' vs 'overlap') in lasso tool (#11862)
Issue,2026-08-10 11:33:06+00:00,dkampien,https://github.com/excalidraw/excalidraw/issues/11868,I refreshed my browser tab and I lost all my images on board. Any way I could recover them?
Issue,2026-08-10 20:07:38+00:00,Ayan-Amir,https://github.com/excalidraw/excalidraw/issues/11869,Add Urdu (اردو / ur-PK) language support on Crowdin
Pull request,2026-08-11 03:02:28+00:00,waterWang,https://github.com/excalidraw/excalidraw/pull/11870,fix: link icon chip background in dark theme (Fixes #11867)
Pull request,2026-08-11 10:34:41+00:00,developebyharis,https://github.com/excalidraw/excalidraw/pull/11871,feat: add Urdu (ur-PK) language support (#11869)
Pull request,2026-08-11 13:19:18+00:00,dwelle,https://github.com/excalidraw/excalidraw/pull/11872,feat(editor): customizing color top picks
Commit,2026-08-11 13:59:35+00:00,dwelle,https://github.com/excalidraw/excalidraw/commit/abeeaeba217ab3b5193b78c8d8d63c373b518ced,feat(editor): customizing color top picks (#11872)
Pull request,2026-08-11 19:23:24+00:00,anupamme,https://github.com/excalidraw/excalidraw/pull/11873,fix: upgrade websocket-driver to 0.7.5 (CVE-2026-54466)
Pull request,2026-08-11 20:14:09+00:00,anupamme,https://github.com/excalidraw/excalidraw/pull/11874,fix: upgrade shell-quote to 1.8.4 (CVE-2026-9277)
Issue,2026-08-12 19:43:12+00:00,anshumaaaan,https://github.com/excalidraw/excalidraw/issues/11875,Enhancement: cursor change when holding alt/option key to indicate duplication
Issue,2026-08-12 23:21:52+00:00,shige-qa,https://github.com/excalidraw/excalidraw/issues/11876,"""Sign up"" menu item is hardcoded and not localizable (English in every locale)"
Pull request,2026-08-13 02:15:04+00:00,rishie81311518,https://github.com/excalidraw/excalidraw/pull/11877,fix(i18n): localize sign-up and sign-in menu items
Pull request,2026-08-13 08:58:53+00:00,ddussi,https://github.com/excalidraw/excalidraw/pull/11878,fix(packages/excalidraw): add accessible names to image export scale options
Pull request,2026-08-13 10:18:59+00:00,chaleehub21,https://github.com/excalidraw/excalidraw/pull/11879,Implement own backend and add db
Pull request,2026-08-13 14:11:58+00:00,Jude51,https://github.com/excalidraw/excalidraw/pull/11880,feat: make linked text directly clickable
Pull request,2026-08-14 04:18:49+00:00,jinheng0301,https://github.com/excalidraw/excalidraw/pull/11881,feat: create a new highlight pen tool. 
Pull request,2026-08-14 07:24:49+00:00,jinheng0301,https://github.com/excalidraw/excalidraw/pull/11882,feat (control panel): develop highlight pen features. 
Pull request,2026-08-14 09:17:40+00:00,Junda10,https://github.com/excalidraw/excalidraw/pull/11883,feat(editor): add duplicate button next to bottom left undo/redo section
Pull request,2026-08-14 11:23:35+00:00,enol5423,https://github.com/excalidraw/excalidraw/pull/11884,perf: reuse cached shape for remote elements that only moved
Pull request,2026-08-14 21:38:39+00:00,Abhi-05-git,https://github.com/excalidraw/excalidraw/pull/11886,fix: preserve search result order when elements move
Pull request,2026-08-15 04:14:10+00:00,shubhransh-gupta,https://github.com/excalidraw/excalidraw/pull/11887,fix: show hint when Esc deactivates a drawing shape tool (#9541)
Pull request,2026-08-15 13:05:09+00:00,Soumojitshome2023,https://github.com/excalidraw/excalidraw/pull/11888,"fix(i18n): localize ""Sign up"" and ""Sign in"" menu items (#11876)"
Pull request,2026-08-15 16:28:35+00:00,laxmanStarx,https://github.com/excalidraw/excalidraw/pull/11889,fix(i18n): localize sign up and sign in menu labels
Pull request,2026-08-15 19:36:45+00:00,Dhananjay70,https://github.com/excalidraw/excalidraw/pull/11890,Fix accessible-name/visible-content mismatches (WCAG 2.5.3)
Pull request,2026-08-15 19:40:05+00:00,harshthakur3,https://github.com/excalidraw/excalidraw/pull/11891,feat: support keyboard panning in view mode with smooth decayFeat/view mode keyboard panning
Issue,2026-08-16 06:01:47+00:00,landa,https://github.com/excalidraw/excalidraw/issues/11892,Can't seem to select or draw shapes with the mouse on macOS
Pull request,2026-08-16 08:58:27+00:00,vishrk,https://github.com/excalidraw/excalidraw/pull/11893,"fix(app): localize hardcoded ""Sign up""/""Sign in"" menu labels"
Commit,2026-08-16 13:20:15+00:00,vishrk,https://github.com/excalidraw/excalidraw/commit/884225b1c7ba08d2cd506e487f5f699a52bd821b,"fix(app): localize hardcoded ""Sign up""/""Sign in"" menu labels (#11893)"
Pull request,2026-08-16 13:55:05+00:00,noqokhxnh,https://github.com/excalidraw/excalidraw/pull/11894,fix: link icon background chip not matching canvas in dark theme
Commit,2026-08-16 15:30:01+00:00,excalibot,https://github.com/excalidraw/excalidraw/commit/e160ff7ba0641fba729c528482de5277ffb19c58,chore(editor): Update translations from Crowdin (#11815)
Pull request,2026-08-16 16:07:28+00:00,maheshsingh20,https://github.com/excalidraw/excalidraw/pull/11895,feat: show copy cursor when Alt/Option held for duplication
Pull request,2026-08-16 16:22:19+00:00,MHJahanbakhsh,https://github.com/excalidraw/excalidraw/pull/11896,fix: render Excalifont-missing precomposed glyphs via NFD
Pull request,2026-08-16 16:31:16+00:00,MatheusMartinho,https://github.com/excalidraw/excalidraw/pull/11897,test(editor): re-enable flip tests for curves outside min/max points
Pull request,2026-08-16 17:41:05+00:00,CodeToTheCore,https://github.com/excalidraw/excalidraw/pull/11898,chore: fix typos in code comments
Pull request,2026-08-17 03:30:40+00:00,cTangonan123,https://github.com/excalidraw/excalidraw/pull/11899,refactor: separate selection-based pointer handling into its own class
Pull request,2026-08-17 05:58:57+00:00,JiuYue0820,https://github.com/excalidraw/excalidraw/pull/11900,docs: fix two 404 contributing and serializeAsJSON links
Pull request,2026-08-17 11:56:57+00:00,nikhilv9729,https://github.com/excalidraw/excalidraw/pull/11901,docs: propose an official desktop application
Issue,2026-08-17 13:23:44+00:00,fei71966,https://github.com/excalidraw/excalidraw/issues/11902,"can/can't, could/couldn't,"
Pull request,2026-08-17 20:38:52+00:00,prafullprince,https://github.com/excalidraw/excalidraw/pull/11903,fix(laser): fade trail after pointer release
Pull request,2026-08-18 01:12:54+00:00,nessaisling-lab,https://github.com/excalidraw/excalidraw/pull/11904,fix(editor): warn instead of error when worker subsetting falls back
Pull request,2026-08-18 15:52:31+00:00,whyy9527,https://github.com/excalidraw/excalidraw/pull/11905,fix: release new element canvas backing store
Issue,2026-08-18 18:17:13+00:00,JillK83,https://github.com/excalidraw/excalidraw/issues/11906,bug: standalone text elements inside frames not clipped to frame boundary (canvas rendering)
Pull request,2026-08-19 00:27:00+00:00,MITRAKER,https://github.com/excalidraw/excalidraw/pull/11907,fix(editor): re-apply theme-dependent tool cursors on theme change
Pull request,2026-08-19 08:12:04+00:00,dineshyadav03,https://github.com/excalidraw/excalidraw/pull/11908,docs: remove obsolete CodeSandbox contribution workflow
Issue,2026-08-19 13:29:24+00:00,dimateos,https://github.com/excalidraw/excalidraw/issues/11909,Separate option for select on lasso tool
Issue,2026-08-19 15:03:47+00:00,MITRAKER,https://github.com/excalidraw/excalidraw/issues/11910,Viewport lock (setViewport lock.scroll) does not constrain pointer-drag panning
Pull request,2026-08-19 15:36:52+00:00,MITRAKER,https://github.com/excalidraw/excalidraw/pull/11911,fix(editor): re-apply scroll constraints during pointer-drag panning
Pull request,2026-08-19 17:39:36+00:00,Adithya6721,https://github.com/excalidraw/excalidraw/pull/11912,fix:  (#11798) - auto-adjust text contrast when dragged onto same-color background (fix for Library symbol text labels are not visible when moved to canvas) 
Issue,2026-08-19 17:47:13+00:00,MITRAKER,https://github.com/excalidraw/excalidraw/issues/11913,Zoom to selection (Shift+3) jumps to maximum zoom on an empty scene
Issue,2026-08-19 17:48:15+00:00,MITRAKER,https://github.com/excalidraw/excalidraw/issues/11914,Cmd/Ctrl+Shift+S does nothing while editing text
Issue,2026-08-19 19:05:42+00:00,khushali-haji,https://github.com/excalidraw/excalidraw/issues/11915,Cmd/Ctrl+click to continue a freehand stroke with a straight segment (like Illustrator's Pencil tool)
Pull request,2026-08-19 19:45:38+00:00,khushali-haji,https://github.com/excalidraw/excalidraw/pull/11916,feat: cmd/ctrl+click continues freedraw stroke with straight segment
Pull request,2026-08-19 21:25:40+00:00,wsvdesign,https://github.com/excalidraw/excalidraw/pull/11917,docs: remove obsolete CodeSandbox contribution workflow
Pull request,2026-08-20 00:40:54+00:00,syawqy,https://github.com/excalidraw/excalidraw/pull/11918,feat: rename Align section to 'Align & Distribute' for discoverability
Pull request,2026-08-20 00:41:06+00:00,syawqy,https://github.com/excalidraw/excalidraw/pull/11919,feat: add <title> element to exported SVGs for searchability
Issue,2026-08-20 00:45:13+00:00,namesarnav,https://github.com/excalidraw/excalidraw/issues/11920,FeatureRequest: Not exactly an Issue but can we have an app on iPad
Pull request,2026-08-20 06:08:46+00:00,BetterAndBetterII,https://github.com/excalidraw/excalidraw/pull/11921,fix(editor): no-op zoom-to-selection on empty scene
Pull request,2026-08-20 13:26:01+00:00,MITRAKER,https://github.com/excalidraw/excalidraw/pull/11922,fix(editor): handle the save-as shortcut while editing text
Pull request,2026-08-20 13:26:32+00:00,MITRAKER,https://github.com/excalidraw/excalidraw/pull/11923,fix(editor): keep zoom unchanged when there is nothing to fit
Issue,2026-08-20 14:31:54+00:00,MITRAKER,https://github.com/excalidraw/excalidraw/issues/11924,Bucket fill on blank canvas inside an empty frame fills the entire frame
Issue,2026-08-20 16:33:48+00:00,MITRAKER,https://github.com/excalidraw/excalidraw/issues/11925,One element with malformed geometry rejects the entire file import (and makes #11321 unreachable)
Pull request,2026-08-20 16:42:19+00:00,MITRAKER,https://github.com/excalidraw/excalidraw/pull/11926,"fix(editor): evaluate invisibility on the restored element, not the r…"
Pull request,2026-08-20 16:45:45+00:00,MITRAKER,https://github.com/excalidraw/excalidraw/pull/11927,fix(element): don't treat frames as bucket-fill boundaries
Pull request,2026-08-21 10:17:25+00:00,indraine,https://github.com/excalidraw/excalidraw/pull/11928,feat(editor): add table insert tool
Pull request,2026-08-21 10:45:11+00:00,indraine,https://github.com/excalidraw/excalidraw/pull/11929,fix(editor): drop stale line editor point highlight after moves
Issue,2026-08-21 15:05:28+00:00,AurelienS,https://github.com/excalidraw/excalidraw/issues/11930,"Security: iframe element type rendered without validation, enabling open redirect via collaboration"
Pull request,2026-08-22 08:06:17+00:00,anislerouge,https://github.com/excalidraw/excalidraw/pull/11931,feat(editor): add latex support to text element
Pull request,2026-08-22 16:14:13+00:00,trukwava,https://github.com/excalidraw/excalidraw/pull/11932,fix(element): clip frame children that can paint outside the frame
Issue,2026-08-22 16:28:39+00:00,softwareDefine,https://github.com/excalidraw/excalidraw/issues/11933,"updateScene re-versions remote elements during fractional-index healing, causing reconcileElements to discard genuine remote edits"
Pull request,2026-08-22 16:29:16+00:00,softwareDefine,https://github.com/excalidraw/excalidraw/pull/11934,fix: don't re-version remote elements when healing fractional indices (updateScene)
Pull request,2026-08-22 17:08:21+00:00,mofazzal0413,https://github.com/excalidraw/excalidraw/pull/11935,feat(editor): add shortcut search to help dialog
Pull request,2026-08-22 18:37:13+00:00,74001w,https://github.com/excalidraw/excalidraw/pull/11936,fix: preserve caret position when outdenting partial tabs
Pull request,2026-08-22 18:42:10+00:00,syzygy930,https://github.com/excalidraw/excalidraw/pull/11937,feat(locales): add Mongolian translation
Pull request,2026-08-22 18:45:49+00:00,mbwmatthew-ux,https://github.com/excalidraw/excalidraw/pull/11938,fix: allow precise rotation in grid mode
Pull request,2026-08-22 18:57:08+00:00,ahmadmustafaanis,https://github.com/excalidraw/excalidraw/pull/11939,feat(editor): add persistent laser mode
Pull request,2026-08-22 19:01:06+00:00,bhavin2011,https://github.com/excalidraw/excalidraw/pull/11940,fix(editor): skip empty frames in bucket fill
Pull request,2026-08-22 19:26:43+00:00,wsvdesign,https://github.com/excalidraw/excalidraw/pull/11941,test: preserve element geometry when resizing frames
Pull request,2026-08-22 21:27:33+00:00,excalibot,https://github.com/excalidraw/excalidraw/pull/11942,chore(editor): Update translations from Crowdin
Pull request,2026-08-23 08:23:56+00:00,arzaanxeng,https://github.com/excalidraw/excalidraw/pull/11943,ci(repo): fix broken heredoc in semantic-pr-title.yml
Issue,2026-08-23 09:26:47+00:00,tiantian-111,https://github.com/excalidraw/excalidraw/issues/11944,add a version history feature
Issue,2026-08-23 13:47:53+00:00,zsviczian,https://github.com/excalidraw/excalidraw/issues/11945,Can't delete unlocked freedraw elements from the scene with the eraser
Pull request,2026-08-23 15:29:47+00:00,bofrompursuit,https://github.com/excalidraw/excalidraw/pull/11946,fix: clip standalone text elements to frame boundary accounting for render padding
Pull request,2026-08-23 15:38:48+00:00,antoninlesov,https://github.com/excalidraw/excalidraw/pull/11947,docs: add macOS Yarn install note to avoid EACCES error
Pull request,2026-08-23 22:11:47+00:00,gitgud5000,https://github.com/excalidraw/excalidraw/pull/11948,feat(editor): adjustable corner radius for rectangles
Pull request,2026-08-23 22:31:52+00:00,vim719,https://github.com/excalidraw/excalidraw/pull/11949,fix(editor): allow undo to remove last point during multi-point drawing
Issue,2026-08-24 06:46:55+00:00,gxrabcde,https://github.com/excalidraw/excalidraw/issues/11951,Zěnme zhǎo huí yuánlái de túpiàn 9 How to find the original image?
Issue,2026-08-24 07:43:17+00:00,poutsoula,https://github.com/excalidraw/excalidraw/issues/11952,Very large canvas
Pull request,2026-08-24 23:59:00+00:00,ChrisWozniak,https://github.com/excalidraw/excalidraw/pull/11953,fix: clip patterned fills to closed shape bounds
Pull request,2026-08-25 00:00:24+00:00,abdoulk30,https://github.com/excalidraw/excalidraw/pull/11954,fix(editor): correct x position for arrow's end-bound text label
Issue,2026-08-25 00:12:01+00:00,PixelAndFlow,https://github.com/excalidraw/excalidraw/issues/11955,fix:Please assign #7177 to me for a bug fix
Pull request,2026-08-25 03:17:49+00:00,loulanyue,https://github.com/excalidraw/excalidraw/pull/11956,docs(readme): add pnpm and bun install commands to quick start
Issue,2026-08-25 06:08:35+00:00,luanle-padua,https://github.com/excalidraw/excalidraw/issues/11957,(posted to wrong repository — please ignore)
Pull request,2026-08-25 09:25:31+00:00,yfwmaniish,https://github.com/excalidraw/excalidraw/pull/11958,fix(store): clear scheduled micro actions on Store.clear()
Pull request,2026-08-25 13:38:48+00:00,dwelle,https://github.com/excalidraw/excalidraw/pull/11960,feat(app): d2c streaming
Commit,2026-08-25 14:08:37+00:00,dwelle,https://github.com/excalidraw/excalidraw/commit/4a6f4e7a32ce3d3360d4d209d14105acc144d8c7,feat(app): d2c streaming (#11960)
Issue,2026-08-25 15:17:06+00:00,CanReader,https://github.com/excalidraw/excalidraw/issues/11961,"Dialogs have a dangling aria-labelledby, so they have no accessible name"
Issue,2026-08-25 15:17:11+00:00,CanReader,https://github.com/excalidraw/excalidraw/issues/11962,localStorage quota warning never shows in Firefox (error name check is Chromium-only)
Issue,2026-08-25 15:17:15+00:00,CanReader,https://github.com/excalidraw/excalidraw/issues/11963,"setLanguage() sets dir/lang on document.documentElement, affecting the whole host page"
Pull request,2026-08-25 16:47:47+00:00,MadeNavaneeth,https://github.com/excalidraw/excalidraw/pull/11964,feat(editor): allow switching arrow types of bound arrows via shape switcher
Pull request,2026-08-25 17:19:00+00:00,CanReader,https://github.com/excalidraw/excalidraw/pull/11965,fix(excalidraw): resolve relative EXCALIDRAW_ASSET_PATH instead of throwing Invalid URL
Pull request,2026-08-25 17:26:19+00:00,CanReader,https://github.com/excalidraw/excalidraw/pull/11966,fix(excalidraw): resolve relative EXCALIDRAW_ASSET_PATH instead of throwing Invalid URL
Issue,2026-08-25 17:47:27+00:00,MadeNavaneeth,https://github.com/excalidraw/excalidraw/issues/11967,Converting an arrow to elbow-arrow overwrites its endArrowhead (is this intended?)
Pull request,2026-08-25 17:58:40+00:00,MadeNavaneeth,https://github.com/excalidraw/excalidraw/pull/11968,fix(app): detect localStorage quota errors in non-Chromium browsers
Pull request,2026-08-25 18:00:35+00:00,MadeNavaneeth,https://github.com/excalidraw/excalidraw/pull/11969,fix(editor): resolve Dialog aria-labelledby to the namespaced title id
Pull request,2026-08-25 18:02:27+00:00,Tatopapi3,https://github.com/excalidraw/excalidraw/pull/11970,fix(app): recognize Firefox/legacy WebKit quota errors in isQuotaExceededError
Pull request,2026-08-25 23:57:29+00:00,abdoulk30,https://github.com/excalidraw/excalidraw/pull/11971,fix: preserve endArrowhead when converting arrow to elbow type
Pull request,2026-08-26 01:03:48+00:00,bathbilissalou-bit,https://github.com/excalidraw/excalidraw/pull/11972,fix: handle freedraw outlines with fewer than two points
Issue,2026-08-26 05:21:57+00:00,frontenddeveloperpraveen,https://github.com/excalidraw/excalidraw/issues/11973,When i use a external pen i couldn't switch between Eraser and Pen when i click pen button on the pen its going to Bucket and When i click eraser button its going to Eraser.
Pull request,2026-08-26 09:23:14+00:00,zsviczian,https://github.com/excalidraw/excalidraw/pull/11974,feat(packages/excalidraw): support rendering into another document
Pull request,2026-08-26 10:59:11+00:00,K4bain,https://github.com/excalidraw/excalidraw/pull/11975,feat(help): searchable shortcuts in Help dialog (Ctrl/Cmd+F focuses search)
Pull request,2026-08-26 10:59:34+00:00,K4bain,https://github.com/excalidraw/excalidraw/pull/11976,fix: revert alt-drag duplication triggered by OS-initiated Alt+Tab mid-drag
Commit,2026-08-26 13:33:04+00:00,zsviczian,https://github.com/excalidraw/excalidraw/commit/e1bb9ff8f8931e783c11d104abb8967ac6605c9a,feat(packages/excalidraw): support rendering into another document (#11974)
Issue,2026-08-26 14:22:28+00:00,arashrafulalam14-stack,https://github.com/excalidraw/excalidraw/issues/11977,Unit test failures in animation.test.ts (3 failing) under Node 24 / vitest 3.0.6
Pull request,2026-08-26 17:20:32+00:00,devwez,https://github.com/excalidraw/excalidraw/pull/11978,fix: make opacity slider RTL-compatible
Pull request,2026-08-26 18:54:13+00:00,alexsaf1987-ui,https://github.com/excalidraw/excalidraw/pull/11979,fix: collab error dialog keeps popping up repeatedly
Pull request,2026-08-26 19:32:03+00:00,K4bain,https://github.com/excalidraw/excalidraw/pull/11980,fix(search): keep results order stable when elements move on canvas
Issue,2026-08-26 20:32:17+00:00,victordamiancodes,https://github.com/excalidraw/excalidraw/issues/11981,Please easily FIX annoying pen autosmoothing delay + dotting i's
Pull request,2026-08-26 20:53:33+00:00,MadeNavaneeth,https://github.com/excalidraw/excalidraw/pull/11982,fix: Ctrl+S saves file even when text element is being edited
Issue,2026-08-26 23:16:58+00:00,kaykreyol6,https://github.com/excalidraw/excalidraw/issues/11983,The ActionManager property isn't exposed on the AppClassProperties type
Pull request,2026-08-26 23:50:18+00:00,MadeNavaneeth,https://github.com/excalidraw/excalidraw/pull/11984,fix: handle Ctrl+Shift+S during text editing
Pull request,2026-08-27 00:03:28+00:00,alexsaf1987-ui,https://github.com/excalidraw/excalidraw/pull/11985,Fix AnimationController test failures on Node 24+ with vitest 3.0.6
Pull request,2026-08-27 00:54:47+00:00,MadeNavaneeth,https://github.com/excalidraw/excalidraw/pull/11986,fix: detect localStorage quota errors in Firefox and Safari
Pull request,2026-08-27 06:39:01+00:00,CanReader,https://github.com/excalidraw/excalidraw/pull/11987,fix(common): correct the focusable element query used by focus traps
Pull request,2026-08-27 06:43:02+00:00,CanReader,https://github.com/excalidraw/excalidraw/pull/11988,fix(common): don't treat a leading emoji as left-to-right in isRTL
Pull request,2026-08-27 07:09:44+00:00,CanReader,https://github.com/excalidraw/excalidraw/pull/11989,fix(packages/excalidraw): keep history.ts out of the published tarball
Pull request,2026-08-27 07:14:21+00:00,CanReader,https://github.com/excalidraw/excalidraw/pull/11990,fix(excalidraw): sanitize non-finite scroll and zoom on restore
Pull request,2026-08-27 07:18:13+00:00,CanReader,https://github.com/excalidraw/excalidraw/pull/11991,fix(excalidraw): sanitize non-finite element geometry on restore
Pull request,2026-08-27 07:21:29+00:00,CanReader,https://github.com/excalidraw/excalidraw/pull/11992,fix(excalidraw): don't reject a whole scene over one malformed element entry
Pull request,2026-08-27 07:24:39+00:00,CanReader,https://github.com/excalidraw/excalidraw/pull/11993,fix(excalidraw): handle malformed input in restoreLibraryItems
Pull request,2026-08-27 10:11:35+00:00,Aparajith24,https://github.com/excalidraw/excalidraw/pull/11994,  fix(app): detect Firefox/WebKit localStorage quota exceeded errors
Pull request,2026-08-27 12:36:44+00:00,alexsaf1987-ui,https://github.com/excalidraw/excalidraw/pull/11995,Fix: stop setLanguage() from mutating document.documentElement (#11963)
Pull request,2026-08-27 12:43:25+00:00,alexsaf1987-ui,https://github.com/excalidraw/excalidraw/pull/11996,Fix: scope RTL to Excalidraw container instead of document (#11963)
Pull request,2026-08-27 13:49:34+00:00,zsviczian,https://github.com/excalidraw/excalidraw/pull/11997,fix(packages/excalidraw): complete cross-document runtime ownership
Pull request,2026-08-27 14:04:06+00:00,zsviczian,https://github.com/excalidraw/excalidraw/pull/11998,Performance refactor batch
Pull request,2026-08-27 14:35:07+00:00,MadeNavaneeth,https://github.com/excalidraw/excalidraw/pull/11999,fix: stabilize canvas search results order during drag (fixes #9503)
Pull request,2026-08-27 14:51:49+00:00,MadeNavaneeth,https://github.com/excalidraw/excalidraw/pull/12000,fix: malformed element no longer rejects entire file import (fixes #11925)
Pull request,2026-08-27 16:16:06+00:00,elliot-nelson,https://github.com/excalidraw/excalidraw/pull/12001,feat(editor): Add Grid toggle to Image Export
Pull request,2026-08-28 02:27:55+00:00,jzeng151,https://github.com/excalidraw/excalidraw/pull/12003,docs: fix Prettier check command
Pull request,2026-08-28 03:44:04+00:00,MadeNavaneeth,https://github.com/excalidraw/excalidraw/pull/12004,fix: exclude frames from bucket fill boundary types
Pull request,2026-08-28 04:28:51+00:00,neihyud,https://github.com/excalidraw/excalidraw/pull/12005,fix: convert mermaid `<br/>` labels to line breaks
Pull request,2026-08-28 05:54:40+00:00,durgasnv,https://github.com/excalidraw/excalidraw/pull/12006,fix(types): expose actionManager on AppClassProperties
Pull request,2026-08-28 08:54:02+00:00,mtolmacs,https://github.com/excalidraw/excalidraw/pull/12007,feat(editor): multi segment curved arrow
Pull request,2026-08-28 09:43:38+00:00,M001N,https://github.com/excalidraw/excalidraw/pull/12009,fix(editor): use selectionColor instead of hardcoded black for group selection border
Pull request,2026-08-28 14:31:59+00:00,M001N,https://github.com/excalidraw/excalidraw/pull/12011,fix(editor): make element body clickable for links on mobile in view mode
Pull request,2026-08-29 02:58:39+00:00,PixelAndFlow,https://github.com/excalidraw/excalidraw/pull/12012,fix(editor): use theme selection color for group selection outline
Pull request,2026-08-29 11:02:50+00:00,valentindoering,https://github.com/excalidraw/excalidraw/pull/12013,feat: add renderIframe prop
Pull request,2026-08-29 11:25:34+00:00,nathanhutton-design,https://github.com/excalidraw/excalidraw/pull/12014,fix: support Enter to edit selected groups (#8511)
Pull request,2026-08-29 11:47:57+00:00,vaibhav8a,https://github.com/excalidraw/excalidraw/pull/12015,docs: fix typo differnt -> different
Pull request,2026-08-30 02:10:05+00:00,braxtonROSE4,https://github.com/excalidraw/excalidraw/pull/12016,feat: parse pasted Markdown into styled handwritten elements
Issue,2026-08-30 19:52:36+00:00,mmorrin-ou,https://github.com/excalidraw/excalidraw/issues/12017,Request whitelist addition
Pull request,2026-08-31 09:24:14+00:00,mtolmacs,https://github.com/excalidraw/excalidraw/pull/12018,feat(editor): Host abstraction
Pull request,2026-08-31 11:45:14+00:00,alexsaf1987-ui,https://github.com/excalidraw/excalidraw/pull/12019,fix(packages/excalidraw): gate iframe rendering behind validation to prevent phishing via collaboration (#11930)
Pull request,2026-08-31 13:18:09+00:00,aryankumar06,https://github.com/excalidraw/excalidraw/pull/12020,feat: add Table drawing tool with row and column management
Pull request,2026-08-31 15:22:23+00:00,ivarcodes,https://github.com/excalidraw/excalidraw/pull/12021,fix: detect localStorage quota errors in Firefox and Safari (#11962)
Pull request,2026-09-01 06:04:41+00:00,yfwmaniish,https://github.com/excalidraw/excalidraw/pull/12022,"fix: dialogs have a dangling aria-labelledby, so they have no accessible name"
Issue,2026-09-01 08:34:40+00:00,somnathsinghstatrys,https://github.com/excalidraw/excalidraw/issues/12023,Whitelist URL
Pull request,2026-09-01 12:37:33+00:00,virajshoor,https://github.com/excalidraw/excalidraw/pull/12024,"fix: keyboard shortcut and search bugs (#9276, #9281, #9503)"
Issue,2026-09-01 13:25:36+00:00,mchoblet-wq,https://github.com/excalidraw/excalidraw/issues/12025,Whitelist for Excalidraw Web Embeds
Pull request,2026-09-02 13:01:56+00:00,Godsdar,https://github.com/excalidraw/excalidraw/pull/12026,fix: make save shortcut (Ctrl/Cmd+S) tolerate CapsLock when editing text (#9281)
Issue,2026-09-02 14:40:35+00:00,kapil971390,https://github.com/excalidraw/excalidraw/issues/12027,exportToCanvas default loadFonts doesn't pass ownerDocument (still true on fix/cross-document-runtime-followup too)
Issue,2026-09-02 16:04:26+00:00,lordofscripts,https://github.com/excalidraw/excalidraw/issues/12028,Can no longer save or export
Pull request,2026-09-03 00:04:20+00:00,K4bain,https://github.com/excalidraw/excalidraw/pull/12029,fix(colorPicker): keep eyedropper shortcuts working after hex focus or picker reuse
Pull request,2026-09-03 01:35:32+00:00,BaconMan1168,https://github.com/excalidraw/excalidraw/pull/12030,feat: allow lovable.app domain for embeddables
Pull request,2026-09-03 03:06:58+00:00,Vishv07,https://github.com/excalidraw/excalidraw/pull/12031,fix(eraser): prevent throw and support erasing freedraw strokes with short/empty outlines
Commit,2026-09-03 15:21:13+00:00,cTangonan123,https://github.com/excalidraw/excalidraw/commit/214cd6e6e8ac3ad6b68486aa7aa7241abdf9445f,feat(editor): allow for dragging bound text along an arrow's path (#10947)
Pull request,2026-09-03 19:41:55+00:00,kapil971390,https://github.com/excalidraw/excalidraw/pull/12032,fix(export): pass ownerDocument to loadFonts default in exportToCanvas (#12027)
Pull request,2026-09-03 20:02:01+00:00,mahirhir,https://github.com/excalidraw/excalidraw/pull/12033,fix(editor): detect line height from the migrated font props on restore
Issue,2026-09-04 02:28:13+00:00,nessaisling-lab,https://github.com/excalidraw/excalidraw/issues/12034,runLength in @excalidraw/laser-pointer counts the last segment twice
Pull request,2026-09-04 02:52:29+00:00,nessaisling-lab,https://github.com/excalidraw/excalidraw/pull/12035,test(laser-pointer): add unit tests for math and simplify
Issue,2026-09-04 10:53:20+00:00,MoizIbnYousaf,https://github.com/excalidraw/excalidraw/issues/12036,[Proposal] Add WebMCP tools to the live Excalidraw canvas
Pull request,2026-09-04 15:57:05+00:00,dhruv-1100,https://github.com/excalidraw/excalidraw/pull/12037,fix(app): localize hardcoded strings in the share dialog
Pull request,2026-09-04 15:57:54+00:00,dhruv-1100,https://github.com/excalidraw/excalidraw/pull/12038,fix(packages/excalidraw): localize hardcoded item name placeholder
Pull request,2026-09-04 16:50:23+00:00,Vishv07,https://github.com/excalidraw/excalidraw/pull/12039,fix(history): allow undo/redo after exiting linear element editor by clicking outside
Pull request,2026-09-05 08:27:23+00:00,mehuljariwala,https://github.com/excalidraw/excalidraw/pull/12040,fix(laser-pointer): count each path segment once
Pull request,2026-09-05 11:31:51+00:00,maisachinsharmahu,https://github.com/excalidraw/excalidraw/pull/12041,feat: support per-range text colors (#1126)
Issue,2026-09-05 18:44:42+00:00,hsnice16,https://github.com/excalidraw/excalidraw/issues/12042,Embed Agent-Friendly Score badge in README
Pull request,2026-09-06 00:40:47+00:00,Larslllllll,https://github.com/excalidraw/excalidraw/pull/12043,fix: ensure deleted elements are synced in collaboration when ESC is pressed
Issue,2026-09-06 05:50:01+00:00,priyankarpal,https://github.com/excalidraw/excalidraw/issues/12044,Chat Title Still Visible After Deleting Diagram
Pull request,2026-09-06 06:15:40+00:00,priyankarpal,https://github.com/excalidraw/excalidraw/pull/12045,fix(bug):  stale chat title remains after deleting diagram + history dropdown auto-opening #12044
Issue,2026-09-06 09:38:19+00:00,PetriLahdelma,https://github.com/excalidraw/excalidraw/issues/12046,Spacing scale: where do your spacing tokens live? (audit from the Rhythmguard benchmark)
Pull request,2026-09-06 10:49:20+00:00,klipduragi-code,https://github.com/excalidraw/excalidraw/pull/12047,fix: wait for clipboard writes before showing share link success
Pull request,2026-09-06 12:21:14+00:00,zsviczian,https://github.com/excalidraw/excalidraw/pull/12048,Fix: toppicks window reference
Pull request,2026-09-06 13:37:05+00:00,Ansh-dS,https://github.com/excalidraw/excalidraw/pull/12049,fix(build): bump PWA precache size limit to 4MB and add build check to CI
Pull request,2026-09-06 14:31:09+00:00,dwelle,https://github.com/excalidraw/excalidraw/pull/12050,perf(editor): stop inverting the interactive canvas via CSS filter in dark mode
Pull request,2026-09-06 15:27:06+00:00,theoryshaw,https://github.com/excalidraw/excalidraw/pull/12051,feat(editor): add mouse wheel zoom preference
Pull request,2026-09-06 18:42:42+00:00,ahmediq-git,https://github.com/excalidraw/excalidraw/pull/12052,Excalidraw frontend
Commit,2026-09-07 09:52:22+00:00,dwelle,https://github.com/excalidraw/excalidraw/commit/f1a79b73df5b9883f940417861a4f5fb879a3f02,perf(editor): stop inverting the interactive canvas via CSS filter in dark mode (#12050)
Pull request,2026-09-07 15:21:12+00:00,dwelle,https://github.com/excalidraw/excalidraw/pull/12053,fix(editor): dismiss dropdown menus on outside clicks
Commit,2026-09-07 15:28:20+00:00,dwelle,https://github.com/excalidraw/excalidraw/commit/2b1c2a9fbf62417168cdae041d00f38cc403f0a5,fix(editor): dismiss dropdown menus on outside clicks (#12053)
Commit,2026-09-07 20:32:05+00:00,excalibot,https://github.com/excalidraw/excalidraw/commit/0361bdd9cb832450f1232dd28931199a73b64b1d,chore(editor): Update translations from Crowdin (#11942)
Pull request,2026-09-08 05:28:23+00:00,deepikavalluru,https://github.com/excalidraw/excalidraw/pull/12054,docs: remove obsolete CodeSandbox contribution workflow
Pull request,2026-09-08 08:57:22+00:00,bobby404-K,https://github.com/excalidraw/excalidraw/pull/12056,fix: move to iTXt png chunks (#9269)
Pull request,2026-09-08 09:24:42+00:00,bobby404-K,https://github.com/excalidraw/excalidraw/pull/12057,fix: move to iTXt png chunks (#9269)
Issue,2026-09-08 10:42:17+00:00,priyankarpal,https://github.com/excalidraw/excalidraw/issues/12058,Close (X) icon is misaligned and overlaps the Help button in the top-right toolbar
Pull request,2026-09-08 10:58:45+00:00,priyankarpal,https://github.com/excalidraw/excalidraw/pull/12059,Fixissue #12058 Close (X) icon is misaligned and overlaps the Help button in the top-right toolbar
Pull request,2026-09-08 13:10:10+00:00,dwelle,https://github.com/excalidraw/excalidraw/pull/12060,feat(editor): track element creation timestamps
Commit,2026-09-08 13:26:14+00:00,dwelle,https://github.com/excalidraw/excalidraw/commit/854d00c31b7105290396fe34294fc2a0331ea469,feat(editor): track element creation timestamps (#12060)
Issue,2026-09-08 14:17:25+00:00,STSonyThomas,https://github.com/excalidraw/excalidraw/issues/12061,feat: WebMCP support
Pull request,2026-09-08 15:17:26+00:00,manuelragusadev,https://github.com/excalidraw/excalidraw/pull/12062,fix(repo): Revert config
Pull request,2026-09-09 10:07:59+00:00,dwelle,https://github.com/excalidraw/excalidraw/pull/12063,"feat(editor): snap element bitmaps, scroll and grid to whole device pixels"
Commit,2026-09-09 12:39:59+00:00,dwelle,https://github.com/excalidraw/excalidraw/commit/6574de60b3fae9a645023ef2743d8213f6df1bda,"feat(editor): snap element bitmaps, scroll and grid to whole device pixels (#12063)"
Pull request,2026-09-09 12:48:22+00:00,dwelle,https://github.com/excalidraw/excalidraw/pull/12064,feat(editor): sticky notes
Issue,2026-09-09 17:07:48+00:00,j-palindrome,https://github.com/excalidraw/excalidraw/issues/12065,Whitelist p5.js
Issue,2026-09-10 02:34:35+00:00,abdokanikas-droid,https://github.com/excalidraw/excalidraw/issues/12066,Cluode
Pull request,2026-09-10 07:55:25+00:00,code420kam,https://github.com/excalidraw/excalidraw/pull/12067,fix: convert HTML br tags to newlines in Mermaid diagrams
Pull request,2026-09-10 09:50:24+00:00,deepikavalluru,https://github.com/excalidraw/excalidraw/pull/12068,docs: correct Next.js example README
Pull request,2026-09-10 12:04:09+00:00,Ansh-dS,https://github.com/excalidraw/excalidraw/pull/12069,fix(test): inherit default coverage excludes and fix vitest UI startup
Commit,2026-09-10 14:45:37+00:00,dwelle,https://github.com/excalidraw/excalidraw/commit/afa3a653fc5d2b742adcbd5a6063187b056d2419,feat(editor): sticky notes (#12064)
Pull request,2026-09-10 15:27:53+00:00,excalibot,https://github.com/excalidraw/excalidraw/pull/12070,chore(editor): Update translations from Crowdin
Pull request,2026-09-10 16:21:02+00:00,voidstackloop,https://github.com/excalidraw/excalidraw/pull/12071,feat: press Enter to edit group and select all its elements
Pull request,2026-09-11 06:01:01+00:00,zsviczian,https://github.com/excalidraw/excalidraw/pull/12072,feat(editor): add sticky note footer options
Issue,2026-09-11 06:09:18+00:00,OrionH,https://github.com/excalidraw/excalidraw/issues/12073,Lasso tool does not have its own hotkey
Pull request,2026-09-11 06:26:11+00:00,Rishitha1512,https://github.com/excalidraw/excalidraw/pull/12074,fix: separate lasso selection mode from rectangle selection
Issue,2026-09-11 10:03:54+00:00,rkverma2022,https://github.com/excalidraw/excalidraw/issues/12075,Auto Save
Pull request,2026-09-11 10:42:39+00:00,CJstate,https://github.com/excalidraw/excalidraw/pull/12076,fix: Add search/filter to HelpDialog for Ctrl+F support (issue #9276)
Pull request,2026-09-11 11:32:06+00:00,CJstate,https://github.com/excalidraw/excalidraw/pull/12077,fix: Prevent browser save dialog when Ctrl+S pressed in text field (issue #9281)
Pull request,2026-09-11 12:27:25+00:00,anupamme,https://github.com/excalidraw/excalidraw/pull/12078,fix: fix security issue in docusaurus.config.js
Pull request,2026-09-11 12:51:15+00:00,Sareen00,https://github.com/excalidraw/excalidraw/pull/12079,Hotfix/correctif urgent
Pull request,2026-09-11 14:51:05+00:00,AnaisSay,https://github.com/excalidraw/excalidraw/pull/12080,Hotfix/correctif urgent
Pull request,2026-09-11 15:03:16+00:00,Abhishek-B-R,https://github.com/excalidraw/excalidraw/pull/12081,fix(editor): save the scene on Ctrl/Cmd+S while an input is focused
Pull request,2026-09-11 19:44:56+00:00,dwelle,https://github.com/excalidraw/excalidraw/pull/12082,"feat(editor): text tool edits what you click, shows what a click will do, drags out free text in shapes"
Pull request,2026-09-12 02:05:57+00:00,bipuladk60,https://github.com/excalidraw/excalidraw/pull/12083,feat(editor): ruled sticky notes
Issue,2026-09-12 10:40:47+00:00,d1rshan,https://github.com/excalidraw/excalidraw/issues/12084,Canvas background color picker collapses in the main menu on tablet-sized viewports
Pull request,2026-09-12 10:48:14+00:00,d1rshan,https://github.com/excalidraw/excalidraw/pull/12085,fix(editor): keep canvas background picker full-size in the main menu
Pull request,2026-09-12 11:44:49+00:00,maximilliangrand,https://github.com/excalidraw/excalidraw/pull/12086,feat: edit shared hyperlinks on selected groups
Pull request,2026-09-12 16:12:31+00:00,tilakavatiadhireddy,https://github.com/excalidraw/excalidraw/pull/12087,feat(editor): add lasso tool shortcut and update HelpDialog
Pull request,2026-09-12 16:26:47+00:00,tilakavatiadhireddy,https://github.com/excalidraw/excalidraw/pull/12088,feat(embeddable): allow embedding from editor.p5js.org
Pull request,2026-09-12 20:43:56+00:00,TrecentSpace,https://github.com/excalidraw/excalidraw/pull/12089,feat(editor): custom roundness amount for rounded rectangles
Issue,2026-09-12 21:04:28+00:00,leobianchi17,https://github.com/excalidraw/excalidraw/issues/12090,Allow changing text color of individual words within a single text element
Issue,2026-09-12 21:05:38+00:00,leobianchi17,https://github.com/excalidraw/excalidraw/issues/12091,Allow bold and underline formatting for individual words within a text element
Pull request,2026-09-12 23:13:47+00:00,kolerak,https://github.com/excalidraw/excalidraw/pull/12092,fix(locale): complete missing tr-TR translations
Issue,2026-09-13 04:25:52+00:00,arnavnagpurkar,https://github.com/excalidraw/excalidraw/issues/12093,Eraser deletes pasted image while erasing pen drawing
Pull request,2026-09-13 10:28:55+00:00,aniruddhapw,https://github.com/excalidraw/excalidraw/pull/12094,"refactor(math): add ViewportPoint and GenericPoint, use as generic point constraint"
Pull request,2026-09-13 19:05:05+00:00,riddhimajaiswal18,https://github.com/excalidraw/excalidraw/pull/12095,fix: prevent eraser from deleting images
Issue,2026-09-13 21:56:52+00:00,owgreen-dev,https://github.com/excalidraw/excalidraw/issues/12097,"es-ES ""prompt too long"" shows literal {{mix}} (variable typo)"
Pull request,2026-09-14 06:36:01+00:00,Somesh520,https://github.com/excalidraw/excalidraw/pull/12098,feat: allow changing text color of individual words within a single text element (#12090)
Pull request,2026-09-14 10:22:02+00:00,dwelle,https://github.com/excalidraw/excalidraw/pull/12099,"feat(editor): wheel-button zoom and ""zoom with scroll wheel"" preference"
Commit,2026-09-14 14:17:41+00:00,dwelle,https://github.com/excalidraw/excalidraw/commit/4e758db17e10715aafcdfb98e6741b292631c300,"feat(editor): wheel-button zoom and ""zoom with scroll wheel"" preference (#12099)"
Pull request,2026-09-14 15:56:27+00:00,dwelle,https://github.com/excalidraw/excalidraw/pull/12100,feat(packages/excalidraw): add renderOverrides to allow overriding of element rendering
Issue,2026-09-14 20:07:15+00:00,snazzyfox,https://github.com/excalidraw/excalidraw/issues/12101,Embed always appear on top of other elements
Issue,2026-09-15 00:06:58+00:00,rafaself,https://github.com/excalidraw/excalidraw/issues/12102,Add equation elements with live formatting
Issue,2026-09-15 02:50:20+00:00,AmAzing129,https://github.com/excalidraw/excalidraw/issues/12103,Excalidraw+ MCP: generated CJK node and arrow labels have undersized text bounds and appear clipped until editing
Pull request,2026-09-15 04:05:49+00:00,arkadyzalko,https://github.com/excalidraw/excalidraw/pull/12104,"feat: add <GenerateMenuItem> slot for host-defined ""Generate"" items"
Pull request,2026-09-15 08:21:52+00:00,CharanMunur,https://github.com/excalidraw/excalidraw/pull/12105,fix(editor): preserve loop detection for scaled linear elements
Pull request,2026-09-15 09:20:54+00:00,jahnavi-ardberg,https://github.com/excalidraw/excalidraw/pull/12106,feat: add emoji canvas tool
Commit,2026-09-15 12:12:53+00:00,dwelle,https://github.com/excalidraw/excalidraw/commit/a9186480121afc16ccdec789fc533e6a9ee68c10,feat(packages/excalidraw): add renderOverrides to allow overriding of element rendering (#12100)
Pull request,2026-09-15 13:54:11+00:00,Ansh-dS,https://github.com/excalidraw/excalidraw/pull/12107,fix(ux): enlarge rotation handle hit area with radial tolerance
Pull request,2026-09-15 22:51:42+00:00,itshakemd,https://github.com/excalidraw/excalidraw/pull/12108,fix(ui): position styles panel based on selection
Pull request,2026-09-16 06:23:29+00:00,bunnysayzz,https://github.com/excalidraw/excalidraw/pull/12109,fix(i18n): correct es-ES promptTooLong placeholder and add parity test
Pull request,2026-09-16 09:00:01+00:00,dwelle,https://github.com/excalidraw/excalidraw/pull/12110,feat(editor): rightclick to pan canvas
Pull request,2026-09-16 10:29:54+00:00,muskanbandta23,https://github.com/excalidraw/excalidraw/pull/12111, add one-click deploy button
Pull request,2026-09-16 14:05:08+00:00,Ansh-dS,https://github.com/excalidraw/excalidraw/pull/12112,test: resolve DefaultSidebar test context mismatch and Mermaid mock types
Issue,2026-09-16 15:19:46+00:00,SpySparsh,https://github.com/excalidraw/excalidraw/issues/12113,Add control + left click allows to move around white space and line should connect like arrow does
Commit,2026-09-16 17:50:39+00:00,dwelle,https://github.com/excalidraw/excalidraw/commit/c0ad61c6743aef7623e641cd1460d757cc6cacf3,feat(editor): rightclick to pan canvas (#12110)
Issue,2026-09-17 03:48:53+00:00,Umeshchandra2024,https://github.com/excalidraw/excalidraw/issues/12115,"si-LK: 5 more placeholder drops beyond #12097 (count, authorName, exportColorScheme/exportSelection, shortcut)"
Pull request,2026-09-17 04:41:17+00:00,Umeshchandra2024,https://github.com/excalidraw/excalidraw/pull/12116,fix(i18n): restore dropped placeholders in si-LK strings
Pull request,2026-09-17 16:16:12+00:00,davidgeorgehope,https://github.com/excalidraw/excalidraw/pull/12117,fix: keep frame labels readable when zoomed out
Pull request,2026-09-17 17:22:20+00:00,Kashifwahaj,https://github.com/excalidraw/excalidraw/pull/12118,feat: Implement beautiful laser pointer modes as mentioned in issue #10192
Issue,2026-09-18 01:52:10+00:00,PechNik1,https://github.com/excalidraw/excalidraw/issues/12119,Add this site to embed whitelist
Issue,2026-09-18 09:08:49+00:00,asmit990,https://github.com/excalidraw/excalidraw/issues/12120,Add `wordwall.net` to the default embeddable allowlist.
Pull request,2026-09-18 09:12:42+00:00,asmit990,https://github.com/excalidraw/excalidraw/pull/12121,feat: added Wordwall to embeddable allowlist #12120
Pull request,2026-09-18 14:47:54+00:00,Ansh-dS,https://github.com/excalidraw/excalidraw/pull/12122,feat: add independent UI scaling with MainMenu stepper control
Issue,2026-09-18 19:28:57+00:00,dizzyjaguar,https://github.com/excalidraw/excalidraw/issues/12123,[Feature Request] Collection and Scene scoped API/MCP keys
Pull request,2026-09-18 21:55:58+00:00,dwelle,https://github.com/excalidraw/excalidraw/pull/12124,"feat(packages/excalidraw): support onDuplicate replacements, vetoes and lookups"
Commit,2026-09-19 08:00:47+00:00,dwelle,https://github.com/excalidraw/excalidraw/commit/14e1c614d477f8e53f71e2f31b2c74b9e597e59b,"feat(packages/excalidraw): support onDuplicate replacements, vetoes and lookups (#12124)"
Pull request,2026-09-19 09:45:53+00:00,dwelle,https://github.com/excalidraw/excalidraw/pull/12125,refactor(editor): split out duplication logic into App.duplicate.ts
Commit,2026-09-19 09:53:31+00:00,dwelle,https://github.com/excalidraw/excalidraw/commit/97c68dd371e13c017a8dcca49f8b3995ba7890a8,refactor(editor): split out duplication logic into App.duplicate.ts (#12125)
Pull request,2026-09-19 10:21:06+00:00,ulixz75,https://github.com/excalidraw/excalidraw/pull/12126,Feature/herramientas clase
Issue,2026-09-19 14:40:04+00:00,jomanaadorable24-bit,https://github.com/excalidraw/excalidraw/issues/12127,لعبة تفاعلية
Pull request,2026-09-19 15:26:34+00:00,monther20,https://github.com/excalidraw/excalidraw/pull/12128,feat: add keyboard-only shape placement
Issue,2026-09-19 18:05:51+00:00,mailmeatdarshan,https://github.com/excalidraw/excalidraw/issues/12129,Add mathematical symbols and functions to the toolbar
Pull request,2026-09-19 20:01:54+00:00,mailmeatdarshan,https://github.com/excalidraw/excalidraw/pull/12130,feat: add mathematical symbols selector and inline typing autocomplete shortcuts
Issue,2026-09-20 02:24:09+00:00,rishiraj88,https://github.com/excalidraw/excalidraw/issues/12132,Correct the Marathi translation of 'paste' and also add translations for 'signUp' and 'signIn'.
Pull request,2026-09-20 04:15:00+00:00,Momoru2002,https://github.com/excalidraw/excalidraw/pull/12133,fix: link icon chip renders as plain white in dark theme
Pull request,2026-09-20 05:14:17+00:00,Saeed1989,https://github.com/excalidraw/excalidraw/pull/12134,Feature/experiment
Issue,2026-09-20 11:00:23+00:00,Kashifwahaj,https://github.com/excalidraw/excalidraw/issues/12135,Support handwritten text in scene search
Pull request,2026-09-20 13:16:54+00:00,ArjunCodess,https://github.com/excalidraw/excalidraw/pull/12136,fix(editor): remeasure text bounds after fallback fonts load
Issue,2026-09-20 17:49:43+00:00,nikhilsharmawork123-oss,https://github.com/excalidraw/excalidraw/issues/12137,whiteboard and pdf to annotate not shown in mobile view
Pull request,2026-09-21 02:40:56+00:00,dikshit-n,https://github.com/excalidraw/excalidraw/pull/12138,feat: add wordwall.net to allowed embed domains
Pull request,2026-09-21 03:22:24+00:00,sathish-chanda,https://github.com/excalidraw/excalidraw/pull/12139,Display filename on UI
Pull request,2026-09-21 04:57:46+00:00,Gowrish31,https://github.com/excalidraw/excalidraw/pull/12140,fix: whitelist GitHub Pages URL for web embeds
Pull request,2026-09-21 07:02:16+00:00,darkdi,https://github.com/excalidraw/excalidraw/pull/12141,docs(element): name the params intersect and route helpers actually take
Pull request,2026-09-21 09:08:48+00:00,Louu2001,https://github.com/excalidraw/excalidraw/pull/12142,feat(app): add WebMCP tools for the live canvas
Pull request,2026-09-21 14:15:52+00:00,mtolmacs,https://github.com/excalidraw/excalidraw/pull/12143,fix(editor): Tab convert bound arrow update
Pull request,2026-09-21 15:35:06+00:00,gunn3rforlife,https://github.com/excalidraw/excalidraw/pull/12144,Create test222
Issue,2026-09-21 15:44:04+00:00,dev-hari-prasad,https://github.com/excalidraw/excalidraw/issues/12145,Add icons to right click menu
Pull request,2026-09-21 18:36:57+00:00,minwookshin,https://github.com/excalidraw/excalidraw/pull/12146,feat: allow hosts to scale canvas editing handles
Pull request,2026-09-21 22:41:01+00:00,Nicolercc,https://github.com/excalidraw/excalidraw/pull/12147,Feat/templates prototype
Commit,2026-09-22 08:26:19+00:00,mtolmacs,https://github.com/excalidraw/excalidraw/commit/31df3e6ef245c646b18a055ccf858cd6117c7768,fix(editor): Tab convert bound arrow update (#12143)
Pull request,2026-09-22 08:50:58+00:00,arzaanxeng,https://github.com/excalidraw/excalidraw/pull/12148,Update PR labeling workflow with script integration
Pull request,2026-09-22 19:31:35+00:00,mtolmacs,https://github.com/excalidraw/excalidraw/pull/12149,feat(editor): Expose binding repair API
Commit,2026-09-22 20:02:13+00:00,mtolmacs,https://github.com/excalidraw/excalidraw/commit/2b9da9610083254edaec68871d593fb6b08e9072,fix(editor): Freedraw hit test precision (#11550)
Pull request,2026-09-23 14:07:14+00:00,muassarraja,https://github.com/excalidraw/excalidraw/pull/12150,feat: add contextual flowchart step action
Pull request,2026-09-23 17:14:23+00:00,Kk12suthar,https://github.com/excalidraw/excalidraw/pull/12151,feat: add Tauri desktop application foundation
Pull request,2026-09-23 17:15:21+00:00,AyushbhaiPatel,https://github.com/excalidraw/excalidraw/pull/12152,fix(editor): anchor toast close button to the toast
Pull request,2026-09-23 17:43:21+00:00,AyushbhaiPatel,https://github.com/excalidraw/excalidraw/pull/12153,fix(app): prevent stale tabs from overwriting newer scene in browser storage
Pull request,2026-09-23 17:48:39+00:00,AyushbhaiPatel,https://github.com/excalidraw/excalidraw/pull/12154,fix(editor): show side resize handles on touch tablets
Pull request,2026-09-23 17:58:44+00:00,AyushbhaiPatel,https://github.com/excalidraw/excalidraw/pull/12155,fix(editor): don't clip arrows bound to elements outside their frame
Commit,2026-09-23 20:10:02+00:00,mtolmacs,https://github.com/excalidraw/excalidraw/commit/4850bf336fe0a8501af49d84deebc7fb56357cc2,fix(editor): Binding hit test based on distance (#10753)
Pull request,2026-09-23 21:50:39+00:00,dwelle,https://github.com/excalidraw/excalidraw/pull/12156,fix(editor): Binding follow-ups to #10753
Pull request,2026-09-23 22:34:30+00:00,dib-a,https://github.com/excalidraw/excalidraw/pull/12157,Added Presentation mode
Pull request,2026-09-23 23:12:53+00:00,bofrompursuit,https://github.com/excalidraw/excalidraw/pull/12158,feat: brand exported filenames and collaboration QR code
Pull request,2026-09-24 03:48:36+00:00,sjr666666,https://github.com/excalidraw/excalidraw/pull/12159,fix(collab): broadcast canceled multi-point arrows as deleted
Pull request,2026-09-24 10:53:41+00:00,dwelle,https://github.com/excalidraw/excalidraw/pull/12160,feat(editor): customizable font picker top picks
Commit,2026-09-24 11:06:56+00:00,dwelle,https://github.com/excalidraw/excalidraw/commit/dc2c16d9e2073078cb4b8f3dce942133b90eec3d,fix(editor): Binding follow-ups to #10753 (#12156)
Pull request,2026-09-24 11:48:39+00:00,mtolmacs,https://github.com/excalidraw/excalidraw/pull/12161,fix(editor): Corrupted localStorage username
Commit,2026-09-24 13:06:17+00:00,dwelle,https://github.com/excalidraw/excalidraw/commit/1118751f3e4958a0dc3d71934c093584fdb7c6f5,feat(editor): customizable font picker top picks (#12160)
Issue,2026-09-24 13:09:39+00:00,morgkael-ui,https://github.com/excalidraw/excalidraw/issues/12162,Presentation Animation on Excalidraw+
Pull request,2026-09-24 20:08:48+00:00,dwelle,https://github.com/excalidraw/excalidraw/pull/12163,feat(editor): compact styles panel
Pull request,2026-09-24 20:19:26+00:00,tunaSandwichCursor,https://github.com/excalidraw/excalidraw/pull/12164,feat(editor): add star shape to the toolbar
Pull request,2026-09-24 22:24:00+00:00,dwelle,https://github.com/excalidraw/excalidraw/pull/12165,"feat(editor): zen mode polish, hide toolbar hints preference & delayed canvas tooltips"
